egoid,stress,happy,health,trust,sleep_quality,sedentary,exercise_alone,exercise_others,beer,wine,caffeine,tobacco,wave
44869,1.9,2.0,1.0,3.0,3.0,3.7272727,0.0,3.0,3.0,3.0,2.0,3.0,4
34591,2.0999999,0.0,1.0,2.6666667,,2.8181818,1.0,0.0,0.0,0.0,1.0,3.0,4
92552,1.7,0.0,1.0,3.1666667,4.0,2.4545455,1.0,0.0,1.0,1.0,1.0,0.0,4
73158,0.89999998,3.0,0.0,3.3333333,4.0,2.3636363,0.0,4.0,3.0,3.0,3.0,3.0,4
45963,2.8,1.0,1.0,3.5,7.0,2.3636363,3.0,1.0,0.0,1.0,4.0,3.0,4
22138,2.0,2.0,2.0,2.8333333,9.0,2.7272727,3.0,4.0,0.0,1.0,4.0,3.0,4
77941,2.3,2.0,0.0,3.0,,2.3636363,4.0,4.0,1.0,1.0,4.0,3.0,4
44873,1.9,0.0,2.0,3.0,,2.0,1.0,4.0,1.0,1.0,1.0,3.0,4
83005,2.8,1.0,1.0,3.0,,3.0,4.0,3.0,3.0,2.0,4.0,3.0,4
31439,2.0999999,2.0,2.0,2.5,7.0,2.6363637,1.0,1.0,1.0,1.0,3.0,3.0,4
32249,1.4,3.0,2.0,3.5,,2.7272727,1.0,4.0,4.0,4.0,4.0,3.0,4
46558,1.8,3.0,0.0,3.5,6.0,3.6363637,2.0,3.0,0.0,3.0,3.0,3.0,4
24016,2.0999999,2.0,2.0,3.0,,2.909091,1.0,1.0,3.0,0.0,4.0,3.0,4
93699,1.5,2.0,1.0,3.0,10.0,2.8181818,0.0,1.0,0.0,2.0,4.0,3.0,4
36875,2.4000001,2.0,2.0,3.1666667,,2.5454545,1.0,1.0,0.0,0.0,4.0,3.0,4
84011,2.0,0.0,2.0,2.8333333,6.0,1.7272727,0.0,4.0,3.0,0.0,3.0,3.0,4
90646,3.5999999,2.0,1.0,3.5,,2.4545455,1.0,1.0,1.0,1.0,4.0,2.0,4
88008,2.0,2.0,2.0,2.8333333,5.0,2.909091,4.0,1.0,3.0,3.0,1.0,3.0,4
83566,2.8,1.0,1.0,3.3333333,8.0,1.5454545,0.0,3.0,3.0,3.0,1.0,3.0,4
21090,1.3,2.0,1.0,4.3333335,4.0,1.7272727,3.0,3.0,3.0,3.0,3.0,3.0,4
87032,2.5999999,2.0,2.0,3.1666667,6.0,4.4545455,3.0,3.0,3.0,2.0,4.0,3.0,4
94641,2.5,0.0,3.0,2.8333333,11.0,3.0,3.0,3.0,3.0,3.0,1.0,3.0,4
82728,1.6,2.0,2.0,3.3333333,4.0,1.8181819,4.0,1.0,3.0,3.0,3.0,3.0,4
45076,2.3,2.0,2.0,3.6666667,5.0,2.0,4.0,4.0,3.0,1.0,4.0,3.0,4
58437,1.4,3.0,0.0,3.3333333,5.0,4.3636365,4.0,1.0,3.0,3.0,4.0,4.0,4
94862,1.1,2.0,0.0,3.1666667,,1.7272727,4.0,1.0,1.0,1.0,1.0,2.0,4
14606,0.30000001,3.0,0.0,3.8333333,,2.7272727,1.0,0.0,3.0,3.0,3.0,3.0,4
64075,1.2,2.0,2.0,3.8333333,,3.7272727,1.0,4.0,3.0,3.0,0.0,3.0,4
39787,0.80000001,3.0,2.0,3.3333333,5.0,2.090909,2.0,0.0,3.0,3.0,3.0,3.0,4
44872,1.5,3.0,0.0,3.5,6.0,2.0,4.0,4.0,4.0,4.0,4.0,3.0,4
87783,2.3,2.0,2.0,3.6666667,5.0,2.2727273,0.0,0.0,1.0,1.0,1.0,3.0,4
57325,2.0,2.0,2.0,2.6666667,,2.2727273,1.0,3.0,3.0,0.0,4.0,3.0,4
58633,3.0,2.0,1.0,2.1666667,7.0,2.7272727,2.0,3.0,3.0,3.0,3.0,3.0,4
27306,1.9,2.0,2.0,3.8333333,6.0,1.2727273,4.0,4.0,2.0,2.0,4.0,3.0,4
46365,1.8,2.0,2.0,3.0,6.0,2.3636363,0.0,0.0,4.0,2.0,4.0,2.0,4
74492,2.2,0.0,1.0,3.0,,2.0,4.0,0.0,0.0,1.0,2.0,3.0,4
76791,1.7,0.0,2.0,3.6666667,,2.090909,1.0,1.0,3.0,3.0,1.0,3.0,4
23287,1.0,2.0,2.0,3.6666667,4.0,1.1818181,1.0,4.0,3.0,3.0,3.0,3.0,4
28247,3.0999999,0.0,1.0,2.6666667,6.0,3.0,2.0,3.0,2.0,0.0,1.0,3.0,4
51760,1.1,2.0,0.0,3.0,,1.2727273,0.0,4.0,1.0,0.0,0.0,2.0,4
72806,1.7,2.0,2.0,3.6666667,5.0,1.6363636,1.0,0.0,2.0,0.0,4.0,3.0,4
98766,0.30000001,3.0,0.0,3.3333333,3.0,2.5454545,4.0,0.0,1.0,0.0,3.0,2.0,4
60997,1.8,2.0,3.0,2.1666667,,2.4545455,0.0,1.0,4.0,0.0,1.0,3.0,4
36038,1.2,2.0,2.0,3.6666667,5.0,1.8181819,4.0,4.0,1.0,1.0,1.0,4.0,4
39146,1.9,2.0,2.0,3.3333333,5.0,3.2727273,2.0,3.0,3.0,3.0,4.0,3.0,4
60963,2.0,2.0,2.0,3.6666667,10.0,2.2727273,2.0,0.0,3.0,3.0,3.0,3.0,4
67918,1.1,2.0,2.0,3.3333333,4.0,2.3636363,0.0,0.0,3.0,3.0,4.0,3.0,4
34467,2.0,3.0,0.0,3.3333333,4.0,1.8181819,1.0,4.0,3.0,3.0,0.0,3.0,4
90692,1.2,2.0,3.0,4.3333335,,2.6363637,2.0,2.0,2.0,2.0,1.0,3.0,4
32668,3.0999999,1.0,1.0,2.1666667,5.0,2.2727273,0.0,3.0,4.0,4.0,4.0,1.0,4
59673,1.6,0.0,2.0,3.8333333,6.0,2.090909,1.0,1.0,0.0,1.0,4.0,3.0,4
74899,2.0,2.0,2.0,4.1666665,8.0,2.090909,4.0,1.0,1.0,0.0,2.0,2.0,4
35011,1.4,0.0,1.0,3.1666667,5.0,2.3636363,0.0,0.0,1.0,1.0,1.0,3.0,4
35416,2.4000001,0.0,2.0,3.1666667,4.0,3.1818182,1.0,0.0,3.0,3.0,4.0,3.0,4
89710,2.5,1.0,0.0,2.3333333,5.0,3.909091,0.0,1.0,3.0,1.0,4.0,3.0,4
97596,2.8,1.0,2.0,2.8333333,11.0,3.0,4.0,1.0,3.0,0.0,4.0,3.0,4
57359,1.9,2.0,2.0,3.3333333,6.0,2.7272727,0.0,3.0,1.0,1.0,3.0,3.0,4
17308,1.9,0.0,2.0,3.1666667,5.0,1.4545455,4.0,1.0,1.0,1.0,4.0,3.0,4
51851,1.4,2.0,2.0,2.5,6.0,2.1818182,4.0,4.0,1.0,1.0,4.0,0.0,4
77838,1.4,3.0,2.0,3.1666667,8.0,3.5454545,1.0,1.0,1.0,4.0,4.0,3.0,4
77872,1.5,2.0,2.0,3.6666667,7.0,2.8181818,1.0,1.0,1.0,0.0,4.0,2.0,4
43114,1.7,3.0,0.0,3.3333333,7.0,1.9090909,1.0,1.0,1.0,1.0,4.0,3.0,4
72348,1.6,2.0,2.0,3.3333333,5.0,3.2727273,0.0,2.0,3.0,3.0,0.0,3.0,4
89607,2.0,0.0,2.0,3.0,,3.4545455,4.0,4.0,3.0,1.0,3.0,3.0,4
59900,2.0999999,0.0,2.0,3.6666667,10.0,2.2727273,3.0,3.0,1.0,1.0,4.0,3.0,4
28254,1.1,2.0,2.0,3.3333333,6.0,2.4545455,1.0,0.0,1.0,1.0,4.0,2.0,4
56480,1.3,2.0,2.0,3.8333333,6.0,3.5454545,0.0,1.0,4.0,1.0,4.0,1.0,4
28820,2.4000001,1.0,2.0,3.0,,3.5454545,3.0,1.0,3.0,3.0,4.0,3.0,4
35347,1.6,2.0,2.0,2.1666667,7.0,3.8181818,2.0,2.0,0.0,0.0,4.0,3.0,4
45641,1.7,2.0,2.0,3.3333333,5.0,3.2727273,2.0,2.0,3.0,2.0,4.0,3.0,4
64572,1.6,2.0,0.0,3.6666667,6.0,2.7272727,1.0,0.0,3.0,3.0,0.0,3.0,4
31538,1.4,2.0,2.0,3.8333333,5.0,2.4545455,4.0,1.0,1.0,1.0,4.0,3.0,4
73452,1.6,2.0,2.0,3.1666667,,2.5454545,4.0,1.0,1.0,0.0,3.0,3.0,4
51475,1.8,0.0,2.0,2.8333333,6.0,1.5454545,1.0,4.0,3.0,3.0,3.0,3.0,4
28312,1.7,0.0,2.0,3.0,8.0,2.4545455,0.0,0.0,1.0,1.0,1.0,3.0,4
13486,1.0,3.0,0.0,4.0,,2.1818182,1.0,4.0,1.0,1.0,4.0,3.0,4
56805,0.5,3.0,0.0,3.6666667,5.0,1.6363636,1.0,4.0,3.0,3.0,3.0,3.0,4
29718,1.6,2.0,2.0,3.6666667,,2.4545455,1.0,4.0,3.0,3.0,4.0,3.0,4
26800,1.7,2.0,1.0,3.1666667,5.0,1.9090909,2.0,3.0,1.0,1.0,3.0,3.0,4
60493,2.2,0.0,1.0,2.5,,2.3636363,3.0,3.0,3.0,3.0,3.0,3.0,4
47142,1.8,2.0,2.0,3.0,5.0,1.6363636,1.0,3.0,3.0,3.0,4.0,3.0,4
69217,2.2,1.0,2.0,4.0,,2.2727273,1.0,3.0,1.0,1.0,4.0,3.0,4
74845,3.0,2.0,2.0,3.3333333,,2.8181818,4.0,0.0,1.0,4.0,0.0,1.0,4
60396,1.9,0.0,2.0,3.8333333,6.0,2.090909,1.0,4.0,1.0,1.0,3.0,2.0,4
61084,1.1,2.0,0.0,3.6666667,4.0,2.4545455,1.0,4.0,3.0,3.0,3.0,3.0,4
92412,0.60000002,3.0,0.0,3.0,7.0,1.5454545,4.0,4.0,3.0,3.0,3.0,3.0,4
92038,1.4,3.0,0.0,3.5,4.0,1.7272727,4.0,4.0,1.0,1.0,3.0,3.0,4
33388,2.0,0.0,2.0,1.3333334,4.0,2.7272727,1.0,4.0,4.0,4.0,2.0,4.0,4
86440,1.7,0.0,2.0,3.5,4.0,2.1818182,2.0,0.0,3.0,3.0,0.0,3.0,4
29792,1.7,0.0,2.0,3.6666667,9.0,2.6363637,1.0,4.0,4.0,1.0,4.0,3.0,4
14737,1.6,0.0,2.0,2.8333333,7.0,2.4545455,0.0,3.0,3.0,3.0,1.0,3.0,4
28223,0.1,3.0,2.0,3.0,,2.909091,3.0,0.0,1.0,1.0,0.0,2.0,4
28653,0.5,3.0,0.0,4.1666665,5.0,1.7272727,1.0,4.0,2.0,2.0,0.0,3.0,4
95559,1.4,2.0,0.0,3.3333333,5.0,2.7272727,1.0,1.0,4.0,1.0,4.0,3.0,4
30152,1.8,2.0,2.0,3.0,3.0,2.1818182,4.0,3.0,3.0,1.0,4.0,3.0,4
36939,2.0999999,2.0,2.0,3.0,,1.9090909,0.0,1.0,3.0,3.0,3.0,3.0,4
59592,2.0999999,2.0,2.0,3.5,6.0,3.090909,1.0,2.0,2.0,1.0,4.0,3.0,4
22897,1.6,2.0,0.0,3.6666667,,2.4545455,1.0,1.0,1.0,1.0,4.0,0.0,4
89652,2.0,3.0,0.0,4.6666665,5.0,1.8181819,0.0,0.0,3.0,3.0,3.0,3.0,4
28724,2.0,3.0,2.0,3.3333333,5.0,2.7272727,4.0,0.0,3.0,1.0,4.0,3.0,4
69831,1.6,2.0,1.0,3.3333333,4.0,4.181818,3.0,3.0,1.0,1.0,2.0,3.0,4
50072,1.5,0.0,2.0,3.5,,1.7272727,1.0,0.0,2.0,2.0,1.0,3.0,4
44927,2.0,2.0,1.0,3.8333333,4.0,2.7272727,2.0,3.0,3.0,3.0,3.0,3.0,4
71894,3.2,1.0,1.0,2.5,8.0,3.6363637,4.0,1.0,2.0,3.0,3.0,3.0,4
76790,1.3,3.0,2.0,3.3333333,,2.0,1.0,4.0,4.0,4.0,4.0,3.0,4
66676,2.0999999,0.0,2.0,3.5,,2.1818182,1.0,4.0,3.0,3.0,0.0,3.0,4
95930,1.7,2.0,2.0,3.3333333,,1.2727273,4.0,1.0,3.0,3.0,4.0,3.0,4
70962,1.5,2.0,1.0,3.6666667,,2.5454545,2.0,2.0,1.0,1.0,4.0,3.0,4
29647,1.8,2.0,2.0,2.5,,1.3636364,4.0,1.0,1.0,0.0,4.0,3.0,4
30453,2.7,1.0,1.0,2.6666667,11.0,3.1818182,1.0,4.0,3.0,3.0,3.0,3.0,4
18677,1.7,2.0,0.0,2.6666667,,2.0,4.0,1.0,0.0,1.0,0.0,3.0,4
66047,3.5999999,1.0,1.0,2.8333333,11.0,3.6363637,2.0,3.0,3.0,2.0,3.0,3.0,4
58682,1.8,2.0,2.0,3.6666667,,2.7272727,0.0,1.0,3.0,3.0,4.0,3.0,4
79834,0.89999998,2.0,2.0,2.5,5.0,2.090909,2.0,3.0,3.0,4.0,3.0,3.0,4
38052,1.6,3.0,0.0,4.1666665,,1.9090909,0.0,1.0,1.0,1.0,3.0,3.0,4
33133,2.4000001,2.0,0.0,2.8333333,12.0,2.5454545,4.0,3.0,1.0,1.0,3.0,3.0,4
40021,1.8,0.0,2.0,3.3333333,,2.0,4.0,1.0,3.0,3.0,4.0,3.0,4
47810,1.4,2.0,2.0,3.5,5.0,1.8181819,1.0,1.0,3.0,1.0,0.0,3.0,4
58196,1.2,3.0,2.0,3.3333333,4.0,1.3636364,4.0,4.0,1.0,1.0,4.0,3.0,4
76663,2.5999999,0.0,2.0,3.3333333,,1.7272727,0.0,1.0,3.0,3.0,1.0,3.0,4
30137,1.5,0.0,0.0,2.5,,2.1818182,4.0,1.0,2.0,2.0,1.0,3.0,4
68318,1.4,2.0,2.0,3.0,,2.5454545,0.0,0.0,3.0,2.0,4.0,3.0,4
62246,1.1,2.0,2.0,3.1666667,5.0,2.0,4.0,1.0,1.0,1.0,1.0,3.0,4
61028,2.0999999,0.0,2.0,3.3333333,,2.0,1.0,4.0,2.0,0.0,3.0,3.0,4
55424,2.7,1.0,2.0,3.3333333,8.0,2.4545455,1.0,4.0,0.0,0.0,0.0,3.0,4
23576,1.3,2.0,2.0,3.6666667,5.0,2.090909,4.0,1.0,3.0,3.0,3.0,3.0,4
57842,2.0999999,2.0,1.0,3.6666667,,2.090909,1.0,1.0,3.0,3.0,4.0,3.0,4
17522,0.80000001,3.0,2.0,3.0,,2.4545455,4.0,3.0,3.0,3.0,3.0,3.0,4
93485,1.2,2.0,2.0,3.3333333,3.0,2.3636363,4.0,2.0,1.0,1.0,4.0,3.0,4
62617,0.89999998,3.0,0.0,4.0,4.0,1.4545455,4.0,1.0,2.0,1.0,1.0,3.0,4
42137,1.9,2.0,0.0,3.6666667,5.0,2.6363637,4.0,0.0,3.0,0.0,4.0,3.0,4
37305,2.4000001,0.0,2.0,3.1666667,6.0,4.0,1.0,2.0,1.0,1.0,2.0,3.0,4
48013,2.7,1.0,2.0,2.1666667,6.0,3.1818182,4.0,4.0,0.0,1.0,4.0,3.0,4
14571,0.40000001,3.0,2.0,2.0,4.0,5.3636365,3.0,2.0,3.0,0.0,0.0,3.0,4
69057,2.4000001,2.0,2.0,2.5,6.0,2.5454545,4.0,1.0,0.0,0.0,4.0,3.0,4
83542,2.0,2.0,0.0,3.0,5.0,2.1818182,1.0,4.0,3.0,3.0,3.0,3.0,4
18222,1.6,1.0,1.0,2.6666667,,4.2727275,1.0,1.0,1.0,0.0,1.0,3.0,4
39738,2.8,1.0,3.0,2.5,7.0,2.5454545,0.0,0.0,3.0,2.0,3.0,3.0,4
26858,2.4000001,0.0,1.0,2.3333333,5.0,3.3636363,1.0,3.0,0.0,0.0,0.0,3.0,4
38826,1.9,2.0,2.0,2.6666667,,2.0,3.0,0.0,1.0,1.0,1.0,3.0,4
93504,2.3,2.0,2.0,3.6666667,,3.1818182,1.0,1.0,3.0,3.0,3.0,3.0,4
64232,1.7,2.0,0.0,3.3333333,8.0,2.2727273,1.0,0.0,1.0,1.0,4.0,3.0,4
37404,1.3,2.0,2.0,3.0,8.0,2.090909,4.0,1.0,0.0,1.0,4.0,3.0,4
25961,1.5,2.0,2.0,3.3333333,5.0,3.4545455,1.0,3.0,0.0,0.0,4.0,3.0,4
87330,2.7,1.0,2.0,,,2.1818182,4.0,3.0,3.0,1.0,4.0,0.0,4
82248,1.7,0.0,2.0,3.3333333,,2.2727273,2.0,3.0,3.0,3.0,2.0,3.0,4
11482,3.0,1.0,2.0,2.5,5.0,3.0,3.0,3.0,2.0,1.0,4.0,3.0,4
70492,2.5,0.0,1.0,3.1666667,,3.090909,2.0,0.0,1.0,0.0,0.0,3.0,4
95543,0.40000001,3.0,2.0,3.5,4.0,2.6363637,3.0,4.0,3.0,3.0,2.0,3.0,4
21380,1.5,2.0,2.0,4.1666665,,1.8181819,2.0,2.0,4.0,1.0,4.0,4.0,4
67106,0.40000001,3.0,2.0,3.6666667,4.0,1.6363636,2.0,3.0,3.0,3.0,3.0,3.0,4
25495,1.9,1.0,2.0,3.1666667,6.0,2.1818182,4.0,3.0,2.0,2.0,2.0,3.0,4
83612,2.5,0.0,2.0,2.6666667,4.0,2.2727273,1.0,1.0,2.0,0.0,4.0,3.0,4
19122,2.4000001,1.0,1.0,3.0,5.0,2.7272727,2.0,2.0,1.0,2.0,1.0,3.0,4
99978,0.40000001,3.0,0.0,4.3333335,6.0,2.0,2.0,4.0,2.0,3.0,4.0,3.0,4
92566,0.40000001,3.0,0.0,3.0,5.0,1.8181819,4.0,0.0,0.0,1.0,1.0,3.0,4
39414,1.9,0.0,1.0,2.8333333,5.0,1.9090909,1.0,3.0,3.0,3.0,4.0,3.0,4
35987,2.3,0.0,2.0,2.8333333,6.0,2.7272727,3.0,3.0,1.0,3.0,4.0,1.0,4
46373,1.3,2.0,2.0,3.3333333,4.0,3.1818182,1.0,1.0,4.0,4.0,4.0,4.0,4
79341,1.9,1.0,0.0,3.0,4.0,2.7272727,4.0,1.0,3.0,3.0,1.0,3.0,4
19591,1.6,2.0,0.0,3.5,,1.8181819,4.0,4.0,1.0,1.0,4.0,3.0,4
83536,1.1,3.0,0.0,3.1666667,5.0,2.909091,1.0,1.0,2.0,0.0,4.0,3.0,4
67608,1.3,3.0,2.0,3.5,4.0,1.5454545,4.0,0.0,1.0,1.0,4.0,3.0,4
19735,2.0999999,2.0,2.0,2.6666667,6.0,1.3636364,1.0,3.0,1.0,1.0,0.0,3.0,4
46266,2.9000001,1.0,1.0,3.3333333,5.0,2.7272727,0.0,0.0,3.0,3.0,3.0,3.0,4
59207,1.3,2.0,0.0,3.1666667,7.0,2.909091,4.0,1.0,1.0,0.0,0.0,3.0,4
48946,1.7,0.0,2.0,3.5,5.0,2.2727273,1.0,1.0,0.0,0.0,1.0,3.0,4
86083,1.8,2.0,2.0,2.5,,2.5454545,1.0,1.0,1.0,1.0,4.0,3.0,4
96613,1.4,2.0,0.0,3.5,5.0,2.6363637,3.0,4.0,1.0,0.0,0.0,3.0,4
50766,1.5,2.0,2.0,3.0,2.0,1.8181819,2.0,4.0,1.0,0.0,2.0,3.0,4
71089,1.7,2.0,2.0,3.0,7.0,3.7272727,3.0,3.0,0.0,0.0,0.0,3.0,4
80980,1.5,2.0,2.0,4.0,6.0,1.4545455,0.0,0.0,1.0,1.0,4.0,3.0,4
98462,0.69999999,2.0,2.0,3.5,5.0,3.3636363,1.0,3.0,3.0,3.0,2.0,3.0,4
64302,2.0,0.0,2.0,3.0,6.0,2.5454545,3.0,3.0,3.0,3.0,3.0,3.0,4
22688,1.1,3.0,2.0,3.5,5.0,1.8181819,3.0,4.0,1.0,1.0,0.0,3.0,4
38815,2.4000001,0.0,0.0,2.5,4.0,2.4545455,4.0,2.0,1.0,0.0,3.0,3.0,4
68404,2.2,0.0,2.0,3.5,,2.3636363,0.0,3.0,1.0,1.0,4.0,3.0,4
72885,1.9,0.0,2.0,2.5,7.0,2.8181818,0.0,3.0,0.0,0.0,1.0,3.0,4
71193,2.7,1.0,1.0,2.5,8.0,2.7272727,0.0,3.0,3.0,3.0,1.0,3.0,4
98760,0.69999999,3.0,2.0,3.5,7.0,1.4545455,4.0,3.0,3.0,3.0,1.0,3.0,4
95374,1.7,1.0,2.0,3.3333333,6.0,3.090909,3.0,3.0,3.0,3.0,3.0,3.0,4
71985,1.7,0.0,2.0,3.5,4.0,3.4545455,4.0,0.0,3.0,3.0,3.0,3.0,4
43125,2.2,2.0,2.0,3.1666667,11.0,2.6363637,3.0,3.0,4.0,1.0,1.0,3.0,4
98117,1.8,1.0,3.0,2.1666667,3.0,2.7272727,3.0,3.0,3.0,3.0,4.0,3.0,4
22989,1.6,3.0,0.0,3.0,,2.4545455,4.0,4.0,4.0,0.0,4.0,4.0,4
24883,2.3,2.0,3.0,2.6666667,5.0,1.7272727,0.0,3.0,1.0,1.0,4.0,2.0,4
20650,2.0,0.0,2.0,3.0,,3.7272727,2.0,0.0,1.0,0.0,1.0,2.0,4
66815,1.4,3.0,2.0,4.0,5.0,1.2727273,2.0,4.0,3.0,3.0,0.0,3.0,4
89161,1.5,3.0,0.0,3.1666667,5.0,3.7272727,1.0,0.0,1.0,1.0,4.0,3.0,4
54956,2.5,0.0,2.0,3.6666667,,2.3636363,2.0,2.0,3.0,3.0,4.0,3.0,4
14847,2.4000001,0.0,2.0,1.6666666,,3.3636363,4.0,3.0,2.0,2.0,1.0,2.0,4
85453,1.3,3.0,0.0,3.5,,2.1818182,4.0,1.0,1.0,1.0,2.0,4.0,4
19827,3.0,1.0,2.0,2.0,,1.3636364,3.0,4.0,4.0,4.0,4.0,3.0,4
43382,1.4,3.0,2.0,3.0,6.0,1.5454545,3.0,3.0,3.0,2.0,2.0,3.0,4
44344,2.3,0.0,0.0,2.5,,2.1818182,4.0,1.0,3.0,0.0,0.0,3.0,4
94215,1.7,0.0,2.0,2.3333333,,3.0,1.0,1.0,3.0,3.0,3.0,3.0,4
57144,1.8,2.0,2.0,2.8333333,,1.7272727,3.0,4.0,3.0,3.0,3.0,3.0,4
75438,1.4,2.0,2.0,2.6666667,4.0,2.4545455,4.0,1.0,0.0,1.0,4.0,3.0,4
99733,1.0,2.0,0.0,3.3333333,5.0,1.7272727,1.0,2.0,3.0,3.0,4.0,3.0,4
27407,2.3,0.0,2.0,3.0,6.0,2.0,1.0,1.0,0.0,3.0,4.0,3.0,4
14250,2.0999999,0.0,2.0,3.8333333,4.0,3.1818182,2.0,2.0,3.0,2.0,1.0,3.0,4
43794,2.2,2.0,2.0,2.8333333,6.0,2.3636363,0.0,1.0,2.0,1.0,2.0,3.0,4
60216,1.6,0.0,2.0,3.5,7.0,2.5454545,4.0,4.0,2.0,2.0,0.0,2.0,4
51437,1.6,2.0,0.0,3.5,4.0,2.2727273,4.0,0.0,0.0,0.0,4.0,3.0,4
21932,0.30000001,2.0,0.0,3.0,7.0,1.3636364,1.0,1.0,2.0,0.0,3.0,3.0,4
98206,1.4,2.0,0.0,3.6666667,,1.4545455,3.0,1.0,3.0,1.0,1.0,3.0,4
36385,2.2,0.0,2.0,3.6666667,13.0,2.3636363,1.0,0.0,0.0,1.0,4.0,3.0,4
54030,1.0,3.0,0.0,4.0,6.0,3.090909,3.0,1.0,3.0,3.0,2.0,3.0,4
67993,2.0999999,2.0,2.0,3.5,9.0,2.8181818,0.0,0.0,1.0,1.0,4.0,3.0,4
96543,1.6,0.0,2.0,3.1666667,4.0,2.909091,1.0,0.0,2.0,3.0,1.0,3.0,4
49800,2.2,0.0,1.0,2.8333333,,2.7272727,2.0,2.0,3.0,3.0,1.0,3.0,4
11002,1.1,3.0,0.0,3.8333333,3.0,2.5454545,1.0,1.0,1.0,1.0,0.0,3.0,4
72850,2.3,2.0,2.0,3.0,,2.1818182,1.0,3.0,1.0,1.0,4.0,3.0,4
15134,2.0999999,2.0,2.0,4.0,7.0,1.8181819,4.0,4.0,2.0,0.0,4.0,3.0,4
42531,1.4,2.0,2.0,3.6666667,,2.6363637,1.0,1.0,1.0,1.0,3.0,3.0,4
34062,1.8,3.0,0.0,3.0,8.0,2.1818182,4.0,4.0,1.0,1.0,4.0,3.0,4
18111,2.8,1.0,2.0,3.3333333,5.0,2.1818182,1.0,1.0,1.0,1.0,4.0,3.0,4
42646,2.0,0.0,0.0,3.5,,1.5454545,4.0,0.0,3.0,2.0,4.0,3.0,4
59097,2.2,1.0,2.0,2.8333333,6.0,2.5454545,0.0,0.0,1.0,1.0,4.0,2.0,4
91484,2.0,2.0,2.0,3.8333333,5.0,1.9090909,2.0,2.0,0.0,1.0,1.0,3.0,4
24833,1.8,2.0,2.0,3.1666667,9.0,2.7272727,1.0,1.0,1.0,1.0,4.0,3.0,4
84502,1.9,2.0,2.0,3.6666667,5.0,2.3636363,1.0,4.0,3.0,3.0,2.0,3.0,4
52123,2.0,2.0,1.0,3.6666667,,3.0,0.0,0.0,1.0,1.0,4.0,3.0,4
78783,2.3,1.0,2.0,3.6666667,5.0,2.7272727,4.0,1.0,0.0,0.0,4.0,3.0,4
25197,2.5,2.0,0.0,3.1666667,7.0,2.090909,1.0,1.0,1.0,1.0,3.0,3.0,4
35872,0.30000001,3.0,0.0,3.3333333,7.0,3.1818182,0.0,0.0,3.0,3.0,3.0,3.0,4
23270,1.7,0.0,2.0,3.0,4.0,1.3636364,4.0,1.0,3.0,3.0,4.0,3.0,4
92716,1.2,2.0,2.0,3.8333333,4.0,2.0,4.0,4.0,4.0,1.0,4.0,3.0,4
70125,2.5,0.0,2.0,2.3333333,8.0,1.9090909,4.0,1.0,1.0,1.0,2.0,3.0,4
67192,3.3,1.0,1.0,2.0,8.0,3.5454545,1.0,1.0,3.0,1.0,3.0,3.0,4
12029,2.0,0.0,2.0,2.8333333,,3.7272727,0.0,0.0,3.0,3.0,4.0,3.0,4
70745,1.5,2.0,2.0,3.3333333,,2.909091,0.0,3.0,2.0,1.0,3.0,3.0,4
93856,2.2,1.0,2.0,2.0,,2.7272727,0.0,3.0,2.0,2.0,2.0,3.0,4
97448,1.6,2.0,2.0,4.0,4.0,2.5454545,4.0,3.0,1.0,1.0,0.0,3.0,4
89165,1.7,1.0,1.0,3.3333333,,3.0,1.0,1.0,1.0,4.0,4.0,3.0,4
97280,1.9,0.0,2.0,3.0,5.0,3.5454545,0.0,0.0,1.0,1.0,1.0,3.0,4
66156,2.2,0.0,2.0,3.5,,2.2727273,0.0,1.0,1.0,1.0,1.0,3.0,4
67177,2.5,1.0,3.0,2.6666667,4.0,2.909091,3.0,3.0,3.0,3.0,1.0,3.0,4
22540,2.8,1.0,3.0,3.1666667,,2.3636363,3.0,3.0,3.0,2.0,3.0,3.0,4
87328,0.69999999,3.0,2.0,3.0,7.0,4.2727275,0.0,2.0,3.0,3.0,3.0,3.0,4
49497,2.8,1.0,1.0,2.5,6.0,2.4545455,4.0,3.0,1.0,1.0,0.0,3.0,4
41952,1.3,2.0,2.0,3.6666667,,4.090909,4.0,2.0,0.0,1.0,4.0,3.0,4
17183,1.3,2.0,2.0,3.6666667,,2.909091,0.0,3.0,0.0,0.0,3.0,3.0,4
22408,1.0,3.0,0.0,4.0,3.0,2.3636363,4.0,1.0,2.0,3.0,3.0,3.0,4
54435,1.6,2.0,2.0,3.3333333,,2.1818182,4.0,3.0,3.0,0.0,1.0,3.0,4
38554,2.5999999,0.0,2.0,2.8333333,,2.4545455,1.0,1.0,3.0,2.0,3.0,3.0,4
38293,2.0999999,2.0,2.0,3.5,14.0,2.4545455,1.0,4.0,1.0,1.0,1.0,3.0,4
33785,2.0999999,0.0,2.0,3.1666667,6.0,3.5454545,4.0,0.0,0.0,2.0,4.0,1.0,4
33009,2.0999999,2.0,2.0,3.0,,2.0,1.0,1.0,0.0,1.0,4.0,3.0,4
91726,1.0,2.0,2.0,3.3333333,5.0,2.4545455,1.0,1.0,3.0,3.0,2.0,3.0,4
59355,2.4000001,1.0,2.0,3.5,5.0,2.1818182,4.0,3.0,0.0,0.0,4.0,3.0,4
96184,1.7,2.0,2.0,3.3333333,6.0,1.8181819,0.0,0.0,3.0,3.0,4.0,3.0,4
70005,2.3,2.0,2.0,3.1666667,,2.090909,3.0,2.0,1.0,0.0,1.0,2.0,4
64157,1.4444444,0.0,0.0,4.1666665,,2.1818182,4.0,1.0,3.0,3.0,4.0,3.0,4
68050,1.2,3.0,2.0,4.3333335,6.0,2.7272727,3.0,3.0,1.0,4.0,0.0,3.0,4
79395,2.0,1.0,0.0,2.6666667,7.0,2.5454545,1.0,4.0,1.0,1.0,4.0,3.0,4
59863,1.2,3.0,2.0,3.5,4.0,2.7272727,4.0,1.0,1.0,3.0,1.0,3.0,4
63419,1.7,2.0,2.0,4.3333335,7.0,3.0,1.0,1.0,3.0,3.0,3.0,3.0,4
22913,1.6,2.0,2.0,3.1666667,5.0,2.090909,0.0,0.0,1.0,1.0,4.0,0.0,4
91313,1.6,2.0,2.0,3.0,,2.7272727,1.0,4.0,1.0,1.0,4.0,3.0,4
14511,2.3,2.0,2.0,3.6666667,,2.7272727,4.0,0.0,1.0,1.0,4.0,3.0,4
73962,2.0,2.0,2.0,3.3333333,,2.1818182,1.0,3.0,1.0,1.0,4.0,3.0,4
48969,3.2,1.0,0.0,3.0,10.0,4.0,4.0,3.0,3.0,2.0,0.0,3.0,4
10153,0.5,2.0,0.0,3.5,,2.4545455,1.0,4.0,0.0,0.0,0.0,3.0,4
79731,2.5,0.0,2.0,2.8333333,6.0,3.090909,3.0,3.0,0.0,0.0,4.0,3.0,4
64296,1.2,3.0,2.0,3.5,4.0,1.9090909,3.0,1.0,3.0,3.0,1.0,3.0,4
17569,2.0,2.0,2.0,3.8333333,7.0,1.9090909,3.0,1.0,1.0,0.0,0.0,0.0,4
77036,2.0999999,0.0,1.0,3.0,6.0,1.2727273,2.0,2.0,2.0,3.0,3.0,3.0,4
53518,1.5,0.0,2.0,3.0,,3.0,0.0,3.0,4.0,4.0,4.0,2.0,4
33953,1.3,2.0,0.0,3.8333333,,3.1818182,4.0,4.0,2.0,1.0,3.0,3.0,4
82986,1.3,3.0,2.0,4.1666665,4.0,1.9090909,1.0,0.0,3.0,3.0,3.0,3.0,4
70566,1.8,2.0,2.0,3.5,8.0,3.2727273,4.0,4.0,3.0,1.0,4.0,3.0,4
11402,2.3,2.0,2.0,3.8333333,7.0,3.090909,1.0,1.0,1.0,0.0,3.0,1.0,4
38610,0.89999998,3.0,0.0,3.6666667,4.0,1.8181819,1.0,4.0,2.0,2.0,0.0,3.0,4
96610,0.89999998,3.0,2.0,3.6666667,8.0,1.5454545,2.0,0.0,3.0,3.0,4.0,3.0,4
77711,1.7,0.0,1.0,2.8333333,5.0,3.090909,1.0,1.0,0.0,0.0,3.0,3.0,4
17020,1.8,2.0,2.0,3.1666667,6.0,2.1818182,2.0,0.0,0.0,3.0,0.0,3.0,4
48676,1.7,2.0,2.0,3.8333333,,3.3636363,1.0,0.0,0.0,0.0,4.0,3.0,4
29885,1.6,0.0,0.0,3.1666667,5.0,2.8181818,4.0,4.0,1.0,1.0,4.0,3.0,4
79167,0.60000002,3.0,0.0,3.5,3.0,1.9090909,4.0,4.0,1.0,1.0,3.0,3.0,4
43710,1.7,2.0,2.0,3.1666667,,2.3636363,2.0,4.0,3.0,1.0,1.0,3.0,4
22455,1.4,3.0,0.0,1.8333334,4.0,3.4545455,4.0,3.0,3.0,3.0,3.0,3.0,4
57443,1.7,0.0,1.0,2.8333333,3.0,2.1818182,0.0,0.0,3.0,3.0,0.0,3.0,4
96469,1.4,3.0,2.0,3.8333333,,1.3636364,0.0,1.0,3.0,1.0,4.0,3.0,4
94579,1.7,2.0,2.0,3.0,2.0,4.181818,4.0,4.0,2.0,2.0,4.0,3.0,4
29257,1.1,2.0,2.0,3.6666667,5.0,2.1818182,1.0,1.0,1.0,0.0,3.0,3.0,4
23518,1.7,2.0,2.0,3.5,4.0,1.6363636,2.0,2.0,2.0,2.0,1.0,3.0,4
49539,1.2,2.0,2.0,3.6666667,5.0,2.0,2.0,2.0,3.0,3.0,4.0,3.0,4
63904,2.5,1.0,1.0,2.1666667,6.0,2.1818182,3.0,3.0,3.0,3.0,3.0,3.0,4
82490,1.4,2.0,2.0,3.0,4.0,2.7272727,1.0,4.0,1.0,1.0,4.0,3.0,4
20335,0.30000001,3.0,0.0,3.1666667,4.0,3.5454545,4.0,0.0,0.0,1.0,4.0,3.0,4
35031,1.0,2.0,2.0,3.0,5.0,2.8181818,1.0,1.0,1.0,1.0,1.0,3.0,4
88185,1.4,3.0,2.0,3.6666667,5.0,2.909091,4.0,2.0,3.0,3.0,3.0,3.0,4
35344,3.0,1.0,2.0,4.1666665,5.0,1.6363636,4.0,0.0,1.0,1.0,4.0,3.0,4
31175,1.4,2.0,2.0,3.3333333,11.0,3.090909,4.0,3.0,1.0,1.0,4.0,3.0,4
98325,1.5,0.0,2.0,3.1666667,6.0,1.8181819,4.0,1.0,0.0,1.0,4.0,3.0,4
50666,1.6,3.0,2.0,3.6666667,,1.5454545,1.0,1.0,3.0,3.0,3.0,3.0,4
42617,1.8,2.0,2.0,3.5,,1.9090909,4.0,3.0,1.0,1.0,1.0,3.0,4
58793,2.0,2.0,2.0,3.6666667,,2.1818182,4.0,4.0,2.0,1.0,4.0,3.0,4
25125,2.0999999,0.0,2.0,4.0,,3.909091,1.0,1.0,1.0,1.0,4.0,3.0,4
25548,1.7,2.0,0.0,3.1666667,4.0,2.909091,1.0,1.0,1.0,1.0,4.0,3.0,4
96689,2.0,2.0,2.0,3.3333333,5.0,2.5454545,3.0,3.0,3.0,3.0,4.0,3.0,4
33657,2.0,0.0,0.0,3.5,,2.909091,1.0,0.0,1.0,1.0,4.0,3.0,4
36117,2.3,3.0,1.0,4.1666665,6.0,4.090909,3.0,4.0,0.0,0.0,1.0,3.0,4
82587,2.8,0.0,2.0,3.1666667,,2.6363637,1.0,1.0,3.0,0.0,1.0,3.0,4
77532,1.6,0.0,1.0,3.8333333,,2.0,1.0,0.0,3.0,3.0,4.0,3.0,4
92515,1.1,3.0,2.0,3.6666667,5.0,2.1818182,0.0,1.0,0.0,1.0,4.0,3.0,4
97844,2.5,2.0,1.0,3.5,,2.090909,3.0,1.0,1.0,1.0,3.0,3.0,4
49790,1.3,2.0,2.0,4.0,4.0,2.0,1.0,1.0,2.0,1.0,4.0,3.0,4
15181,1.4,2.0,0.0,3.3333333,,2.5454545,4.0,4.0,1.0,2.0,2.0,3.0,4
78657,2.0999999,2.0,2.0,3.6666667,6.0,2.8181818,4.0,4.0,1.0,1.0,2.0,3.0,4
21887,1.2,2.0,2.0,3.5,8.0,2.909091,0.0,1.0,1.0,0.0,2.0,2.0,4
48154,0.69999999,3.0,0.0,3.6666667,5.0,2.3636363,4.0,2.0,0.0,1.0,3.0,3.0,4
51495,1.5,3.0,2.0,3.5,,2.2727273,2.0,0.0,0.0,0.0,4.0,3.0,4
21793,2.9000001,2.0,2.0,3.0,6.0,2.909091,1.0,0.0,0.0,0.0,3.0,3.0,4
37218,1.8,1.0,1.0,3.0,5.0,3.2727273,3.0,3.0,3.0,3.0,3.0,3.0,4
17932,1.2,2.0,2.0,2.6666667,7.0,2.5454545,4.0,1.0,1.0,1.0,1.0,3.0,4
80429,1.9,0.0,1.0,3.1666667,,2.6363637,2.0,3.0,1.0,1.0,3.0,3.0,4
75149,2.5,1.0,1.0,2.5,11.0,3.0,0.0,2.0,2.0,1.0,4.0,3.0,4
81420,1.9,0.0,2.0,3.0,5.0,2.7272727,4.0,1.0,1.0,0.0,1.0,0.0,4
33740,2.3,0.0,1.0,3.0,8.0,1.2727273,0.0,0.0,1.0,1.0,4.0,2.0,4
67709,2.4000001,0.0,2.0,3.1666667,5.0,2.8181818,1.0,4.0,3.0,3.0,3.0,3.0,4
36552,2.2,2.0,2.0,3.3333333,5.0,2.2727273,4.0,2.0,2.0,2.0,4.0,3.0,4
14301,2.5,0.0,0.0,3.5,,2.090909,1.0,4.0,3.0,3.0,1.0,3.0,4
63138,2.0999999,0.0,1.0,3.5,4.0,2.0,2.0,0.0,1.0,1.0,2.0,3.0,4
51298,1.5,2.0,1.0,3.5,,2.2727273,1.0,2.0,1.0,0.0,1.0,2.0,4
74632,1.8,2.0,0.0,3.3333333,,2.1818182,2.0,4.0,3.0,3.0,2.0,3.0,4
16654,2.0,2.0,2.0,3.3333333,3.0,2.4545455,1.0,4.0,1.0,1.0,4.0,3.0,4
84768,2.5,2.0,0.0,2.6666667,8.0,2.0,2.0,4.0,3.0,2.0,2.0,3.0,4
29134,1.3,0.0,2.0,3.6666667,6.0,2.2727273,1.0,4.0,1.0,1.0,4.0,3.0,4
24029,2.2,0.0,2.0,3.5,8.0,3.1818182,4.0,4.0,3.0,3.0,1.0,3.0,4
35361,2.0999999,0.0,2.0,2.6666667,,2.0,4.0,1.0,3.0,3.0,4.0,3.0,4
49086,1.7,2.0,2.0,3.6666667,4.0,3.1818182,3.0,3.0,0.0,1.0,2.0,3.0,4
85503,3.0999999,0.0,2.0,1.5,6.0,4.7272725,1.0,1.0,1.0,1.0,4.0,3.0,4
10732,1.6,2.0,2.0,3.5,,3.0,4.0,1.0,1.0,1.0,4.0,3.0,4
39564,1.0,2.0,2.0,3.0,,2.1818182,1.0,1.0,0.0,0.0,3.0,3.0,4
25172,0.60000002,3.0,0.0,3.5,,3.090909,4.0,4.0,1.0,1.0,4.0,3.0,4
95490,2.0999999,2.0,1.0,3.5,4.0,2.909091,4.0,2.0,1.0,1.0,4.0,3.0,4
23253,1.6,3.0,2.0,3.1666667,,3.5454545,1.0,1.0,0.0,0.0,4.0,3.0,4
90079,2.0,2.0,0.0,2.5,7.0,2.1818182,1.0,1.0,3.0,3.0,4.0,3.0,4
47584,1.9,2.0,2.0,4.0,,1.7272727,3.0,1.0,1.0,1.0,1.0,3.0,4
97990,1.8,2.0,2.0,2.6666667,5.0,3.3636363,2.0,2.0,3.0,3.0,3.0,3.0,4
82269,2.0,0.0,2.0,3.0,4.0,3.090909,1.0,2.0,1.0,1.0,4.0,3.0,4
22842,1.8,2.0,1.0,3.3333333,6.0,2.4545455,4.0,0.0,2.0,2.0,1.0,3.0,4
14279,2.0,2.0,2.0,2.3333333,7.0,1.7272727,0.0,1.0,2.0,1.0,3.0,3.0,4
73577,2.4000001,1.0,1.0,2.6666667,3.0,2.8181818,1.0,1.0,3.0,3.0,3.0,3.0,4
43177,1.7,2.0,2.0,3.3333333,,2.2727273,2.0,2.0,0.0,0.0,1.0,3.0,4
26857,1.2,2.0,2.0,3.5,,2.0,4.0,4.0,1.0,1.0,4.0,0.0,4
28327,2.4000001,1.0,1.0,4.0,,2.3636363,1.0,1.0,1.0,1.0,4.0,3.0,4
52302,1.7,0.0,2.0,3.5,5.0,3.090909,1.0,1.0,3.0,3.0,3.0,3.0,4
97050,2.4000001,0.0,2.0,3.0,,3.2727273,4.0,4.0,0.0,1.0,4.0,3.0,4
46418,1.4,0.0,2.0,3.0,7.0,2.5454545,1.0,4.0,1.0,1.0,0.0,3.0,4
93002,2.0,2.0,2.0,3.1666667,4.0,2.1818182,0.0,1.0,3.0,3.0,4.0,3.0,4
56543,2.0999999,2.0,2.0,3.1666667,7.0,3.8181818,4.0,2.0,3.0,3.0,3.0,3.0,4
17470,2.0999999,0.0,1.0,2.6666667,,2.909091,1.0,1.0,1.0,0.0,4.0,2.0,4
35180,2.0,2.0,2.0,2.8333333,,1.4545455,0.0,2.0,3.0,3.0,3.0,3.0,4
89142,1.6,2.0,3.0,3.0,4.0,2.5454545,3.0,3.0,3.0,3.0,3.0,3.0,4
24898,1.6,0.0,0.0,2.6666667,6.0,3.1818182,4.0,4.0,2.0,2.0,3.0,3.0,4
74413,1.2,2.0,1.0,3.0,4.0,1.5454545,4.0,2.0,3.0,3.0,3.0,3.0,4
50976,1.8,0.0,2.0,2.3333333,,3.2727273,4.0,0.0,0.0,0.0,4.0,3.0,4
76485,2.3,2.0,2.0,3.6666667,,2.0,4.0,1.0,1.0,1.0,1.0,3.0,4
33239,1.5,3.0,2.0,3.8333333,,2.909091,1.0,1.0,1.0,1.0,1.0,2.0,4
67574,1.6,2.0,2.0,2.3333333,6.0,2.2727273,4.0,4.0,4.0,4.0,4.0,0.0,4
10469,2.5999999,2.0,1.0,2.6666667,,2.4545455,0.0,0.0,2.0,2.0,3.0,3.0,4
77789,1.8,0.0,1.0,3.6666667,5.0,1.4545455,0.0,3.0,2.0,0.0,4.0,3.0,4
88582,2.5999999,2.0,2.0,3.6666667,6.0,2.0,3.0,2.0,3.0,3.0,3.0,3.0,4
67015,1.7,0.0,1.0,2.8333333,4.0,2.4545455,4.0,1.0,1.0,1.0,0.0,3.0,4
26272,1.1,2.0,2.0,3.1666667,4.0,3.3636363,0.0,0.0,3.0,3.0,3.0,3.0,4
88882,0.80000001,3.0,2.0,3.6666667,4.0,2.1818182,4.0,1.0,1.0,0.0,4.0,3.0,4
96828,0.80000001,3.0,2.0,3.3333333,,2.3636363,1.0,4.0,0.0,1.0,0.0,3.0,4
19245,2.0999999,1.0,2.0,2.1666667,6.0,3.2727273,4.0,1.0,1.0,0.0,2.0,2.0,4
83748,0.69999999,3.0,2.0,3.3333333,6.0,1.8181819,4.0,4.0,2.0,2.0,4.0,3.0,4
49915,0.60000002,3.0,2.0,4.6666665,,2.2727273,3.0,2.0,0.0,0.0,1.0,3.0,4
78407,2.0,0.0,2.0,3.0,5.0,2.3636363,1.0,3.0,3.0,3.0,0.0,3.0,4
93787,2.5999999,0.0,1.0,3.3333333,,3.090909,0.0,0.0,3.0,2.0,4.0,3.0,4
17270,2.2,0.0,2.0,3.1666667,,3.7272727,1.0,1.0,3.0,3.0,1.0,3.0,4
40864,2.0,1.0,1.0,3.5,,1.9090909,2.0,2.0,3.0,3.0,3.0,3.0,4
63347,1.9,0.0,1.0,3.5,4.0,1.8181819,3.0,3.0,2.0,2.0,1.0,3.0,4
48826,2.8,0.0,2.0,3.8333333,,2.2727273,4.0,4.0,4.0,4.0,1.0,4.0,4
35925,1.7,1.0,2.0,2.5,,3.8181818,4.0,4.0,3.0,3.0,3.0,3.0,4
44869,1.8,0.0,2.0,3.0,7.0,3.909091,3.0,3.0,3.0,3.0,2.0,3.0,5
34591,1.7,0.0,1.0,3.1666667,8.0,1.1818181,1.0,0.0,3.0,3.0,1.0,3.0,5
92552,1.4,4.0,2.0,3.5,7.0,1.0909091,1.0,1.0,4.0,1.0,1.0,3.0,5
73158,0.80000001,4.0,0.0,3.3333333,3.0,1.0,1.0,4.0,3.0,3.0,3.0,3.0,5
45963,2.8,0.0,2.0,3.8333333,6.0,0.27272728,0.0,0.0,0.0,0.0,4.0,3.0,5
22138,1.5,3.0,2.0,3.3333333,5.0,0.72727275,0.0,4.0,0.0,1.0,4.0,3.0,5
77941,1.1,4.0,0.0,4.1666665,7.0,1.6363636,3.0,3.0,1.0,1.0,4.0,2.0,5
44873,1.3,3.0,0.0,3.5,6.0,1.0909091,4.0,4.0,1.0,1.0,2.0,2.0,5
83005,1.9,0.0,2.0,3.0,5.0,1.7272727,1.0,0.0,3.0,2.0,4.0,3.0,5
31439,2.5,4.0,2.0,3.0,9.0,2.0,1.0,3.0,1.0,1.0,3.0,3.0,5
21899,1.9,3.0,2.0,2.8333333,7.0,1.5454545,0.0,0.0,1.0,1.0,0.0,0.0,5
32249,1.6,3.0,2.0,4.0,6.0,1.8181819,1.0,1.0,4.0,1.0,4.0,3.0,5
45375,1.5,3.0,2.0,3.0,8.0,1.4545455,0.0,1.0,4.0,0.0,0.0,0.0,5
25536,1.2,4.0,2.0,3.6666667,5.0,1.5454545,1.0,3.0,3.0,3.0,1.0,3.0,5
32037,1.3,3.0,0.0,3.0,7.0,1.3636364,1.0,3.0,3.0,1.0,4.0,3.0,5
46558,0.89999998,4.0,0.0,3.3333333,7.0,2.8181818,0.0,0.0,0.0,3.0,3.0,3.0,5
93699,1.6,3.0,1.0,3.6666667,8.0,1.7272727,0.0,1.0,2.0,3.0,4.0,3.0,5
36875,2.2,3.0,2.0,2.8333333,5.0,1.1818181,1.0,0.0,0.0,0.0,4.0,3.0,5
84011,1.5,3.0,2.0,2.8333333,6.0,1.0,1.0,4.0,0.0,0.0,3.0,3.0,5
90646,2.9000001,0.0,2.0,3.5,9.0,1.4545455,4.0,3.0,1.0,1.0,4.0,3.0,5
88008,2.0,3.0,2.0,2.8333333,5.0,1.8181819,4.0,1.0,3.0,3.0,3.0,2.0,5
83566,2.2,3.0,2.0,3.3333333,7.0,0.36363637,0.0,0.0,3.0,3.0,1.0,3.0,5
21090,1.1,3.0,2.0,3.8333333,5.0,0.36363637,3.0,3.0,3.0,3.0,3.0,3.0,5
87032,2.7,0.0,2.0,2.8333333,9.0,2.3636363,0.0,3.0,3.0,3.0,4.0,3.0,5
94641,1.5,0.0,3.0,2.3333333,10.0,1.2727273,3.0,3.0,3.0,3.0,2.0,3.0,5
82728,2.2,3.0,2.0,3.6666667,7.0,0.90909094,4.0,1.0,3.0,3.0,3.0,3.0,5
45076,1.5,0.0,1.0,3.6666667,4.0,1.6363636,3.0,4.0,3.0,0.0,4.0,3.0,5
58437,0.89999998,4.0,0.0,3.0,8.0,3.6363637,1.0,1.0,4.0,1.0,4.0,4.0,5
94862,1.4,3.0,0.0,3.3333333,4.0,1.3636364,4.0,1.0,1.0,0.0,4.0,0.0,5
14606,0.40000001,4.0,0.0,3.3333333,3.0,1.5454545,1.0,0.0,3.0,3.0,2.0,3.0,5
64075,1.1,3.0,2.0,3.3333333,6.0,3.0,1.0,4.0,2.0,2.0,1.0,3.0,5
39787,1.3,4.0,2.0,3.3333333,6.0,1.0,2.0,2.0,3.0,3.0,3.0,3.0,5
44872,1.7,3.0,2.0,3.6666667,,0.18181819,4.0,0.0,1.0,1.0,4.0,3.0,5
87783,1.8,4.0,2.0,3.5,,1.4545455,3.0,2.0,0.0,0.0,4.0,3.0,5
57325,2.3,3.0,2.0,3.3333333,6.0,2.090909,4.0,3.0,3.0,0.0,4.0,3.0,5
27306,1.2,4.0,0.0,4.1666665,5.0,0.0,4.0,4.0,2.0,2.0,4.0,3.0,5
46365,2.2,4.0,0.0,3.3333333,8.0,0.54545456,1.0,1.0,4.0,1.0,1.0,2.0,5
74492,1.7,3.0,2.0,3.3333333,5.0,0.54545456,4.0,0.0,0.0,1.0,2.0,3.0,5
23287,1.1,4.0,0.0,3.3333333,3.0,-0.27272728,3.0,2.0,3.0,3.0,3.0,3.0,5
28247,3.2,2.0,3.0,2.8333333,8.0,1.3636364,3.0,3.0,3.0,0.0,0.0,3.0,5
51760,1.1,3.0,0.0,3.3333333,9.0,0.090909094,3.0,4.0,1.0,0.0,0.0,3.0,5
72806,1.9,4.0,0.0,3.5,4.0,0.36363637,1.0,0.0,3.0,1.0,4.0,3.0,5
98766,0.89999998,4.0,2.0,3.6666667,4.0,1.0909091,1.0,0.0,1.0,0.0,3.0,2.0,5
60997,1.0,3.0,1.0,2.3333333,6.0,1.5454545,2.0,1.0,4.0,1.0,2.0,3.0,5
39146,1.6,3.0,2.0,3.3333333,6.0,1.8181819,0.0,3.0,3.0,3.0,4.0,3.0,5
67918,1.0,3.0,1.0,3.1666667,3.0,1.7272727,2.0,2.0,0.0,0.0,4.0,3.0,5
34467,2.3,3.0,2.0,3.8333333,6.0,0.36363637,1.0,4.0,3.0,3.0,0.0,3.0,5
90692,1.5,3.0,1.0,4.1666665,6.0,1.3636364,3.0,0.0,2.0,2.0,4.0,3.0,5
32668,2.7,0.0,2.0,1.8333334,4.0,1.1818181,1.0,2.0,1.0,1.0,4.0,2.0,5
24079,2.0,3.0,1.0,3.3333333,,1.2727273,4.0,4.0,1.0,3.0,1.0,3.0,5
59673,0.80000001,3.0,2.0,4.5,7.0,0.90909094,0.0,0.0,2.0,0.0,4.0,3.0,5
74899,2.4000001,0.0,1.0,4.3333335,6.0,0.72727275,4.0,1.0,1.0,0.0,3.0,2.0,5
81807,1.1,3.0,2.0,4.0,5.0,0.27272728,1.0,1.0,2.0,3.0,0.0,3.0,5
91176,2.5,2.0,3.0,3.3333333,7.0,1.2727273,3.0,3.0,2.0,2.0,0.0,3.0,5
35011,1.8,0.0,3.0,3.1666667,6.0,1.9090909,1.0,1.0,1.0,1.0,1.0,3.0,5
35416,2.8,0.0,1.0,2.8333333,7.0,1.4545455,2.0,3.0,3.0,3.0,4.0,3.0,5
89710,2.0999999,3.0,2.0,3.0,8.0,2.909091,4.0,1.0,3.0,1.0,4.0,3.0,5
97596,3.0999999,0.0,0.0,3.0,11.0,2.4545455,4.0,1.0,3.0,0.0,4.0,3.0,5
57359,1.5,3.0,1.0,3.3333333,5.0,1.2727273,0.0,3.0,2.0,0.0,1.0,3.0,5
17308,1.6,0.0,0.0,3.0,6.0,1.0,4.0,0.0,0.0,0.0,4.0,3.0,5
77838,1.1,4.0,2.0,3.0,6.0,2.3636363,1.0,1.0,1.0,4.0,4.0,2.0,5
56798,1.0,4.0,0.0,3.3333333,4.0,2.090909,4.0,0.0,1.0,1.0,4.0,3.0,5
77872,1.2,3.0,2.0,3.3333333,5.0,0.90909094,4.0,1.0,1.0,0.0,4.0,2.0,5
43114,1.0,4.0,2.0,3.3333333,7.0,0.54545456,4.0,2.0,1.0,1.0,4.0,3.0,5
72348,1.5,3.0,2.0,3.5,5.0,1.9090909,1.0,2.0,3.0,3.0,0.0,3.0,5
89607,2.4000001,0.0,1.0,2.8333333,11.0,2.7272727,1.0,4.0,3.0,3.0,3.0,3.0,5
59900,1.8,0.0,1.0,3.5,6.0,1.3636364,3.0,3.0,0.0,1.0,4.0,3.0,5
28254,1.1,3.0,0.0,3.1666667,7.0,1.3636364,0.0,0.0,4.0,4.0,4.0,0.0,5
28820,2.3,2.0,2.0,3.1666667,9.0,2.090909,1.0,1.0,3.0,3.0,4.0,3.0,5
35347,2.0,0.0,2.0,2.1666667,7.0,3.0,3.0,2.0,0.0,1.0,4.0,3.0,5
73452,1.6,3.0,2.0,3.0,9.0,0.63636363,4.0,0.0,1.0,1.0,2.0,3.0,5
51475,2.4000001,2.0,1.0,3.0,6.0,0.45454547,1.0,1.0,3.0,3.0,3.0,3.0,5
28312,1.7,0.0,2.0,2.8333333,8.0,1.4545455,2.0,3.0,1.0,1.0,0.0,3.0,5
13486,1.5,4.0,2.0,4.0,5.0,0.36363637,4.0,4.0,4.0,1.0,0.0,3.0,5
26800,1.2,3.0,2.0,3.5,5.0,0.81818181,0.0,1.0,1.0,0.0,2.0,3.0,5
60493,1.6,3.0,1.0,2.6666667,6.0,2.090909,3.0,3.0,3.0,3.0,3.0,3.0,5
47142,1.7,3.0,2.0,3.6666667,5.0,1.2727273,4.0,0.0,3.0,3.0,1.0,3.0,5
69217,2.3,2.0,2.0,3.8333333,6.0,1.1818181,0.0,1.0,1.0,1.0,3.0,3.0,5
84390,2.2,3.0,0.0,3.3333333,4.0,1.0909091,4.0,1.0,3.0,3.0,4.0,3.0,5
74845,2.5999999,3.0,0.0,3.5,7.0,1.4545455,1.0,4.0,1.0,1.0,0.0,0.0,5
60396,1.7,0.0,2.0,3.6666667,5.0,0.63636363,4.0,1.0,1.0,1.0,1.0,2.0,5
92412,1.7,4.0,0.0,3.0,5.0,0.27272728,4.0,4.0,3.0,3.0,3.0,3.0,5
92038,1.0,4.0,0.0,3.5,4.0,0.54545456,4.0,1.0,1.0,1.0,3.0,3.0,5
33388,2.0,2.0,2.0,2.0,8.0,1.6363636,4.0,0.0,1.0,1.0,4.0,2.0,5
86440,1.7,3.0,2.0,3.5,7.0,0.90909094,0.0,0.0,3.0,3.0,3.0,0.0,5
95585,2.0,0.0,0.0,3.0,8.0,3.090909,4.0,4.0,0.0,0.0,3.0,3.0,5
29792,2.2,2.0,1.0,3.6666667,9.0,2.1818182,4.0,4.0,4.0,1.0,4.0,3.0,5
14737,2.3,2.0,1.0,3.0,8.0,0.90909094,0.0,3.0,2.0,2.0,1.0,3.0,5
28223,0.2,4.0,0.0,2.8333333,5.0,1.9090909,3.0,3.0,1.0,0.0,0.0,1.0,5
55452,3.0,0.0,2.0,3.1666667,10.0,0.90909094,4.0,4.0,3.0,3.0,4.0,3.0,5
20179,1.4,3.0,2.0,3.3333333,6.0,1.6363636,4.0,1.0,1.0,1.0,4.0,3.0,5
28653,2.7,3.0,2.0,3.0,6.0,1.0,4.0,4.0,3.0,2.0,3.0,3.0,5
95559,2.0,4.0,0.0,3.1666667,8.0,1.7272727,1.0,1.0,1.0,1.0,1.0,3.0,5
30152,2.0,3.0,2.0,2.8333333,7.0,1.0909091,1.0,2.0,3.0,3.0,4.0,3.0,5
59592,1.7,4.0,2.0,3.5,5.0,2.3636363,1.0,0.0,2.0,1.0,4.0,3.0,5
89652,1.0,4.0,0.0,4.1666665,4.0,0.90909094,2.0,2.0,3.0,3.0,2.0,3.0,5
28724,2.2,3.0,2.0,4.1666665,5.0,0.81818181,4.0,0.0,2.0,2.0,4.0,3.0,5
69831,1.7,3.0,3.0,3.5,7.0,3.090909,3.0,1.0,1.0,1.0,2.0,3.0,5
50072,1.9,3.0,2.0,4.1666665,7.0,0.63636363,1.0,2.0,2.0,0.0,1.0,3.0,5
44927,1.7,3.0,1.0,3.6666667,5.0,1.2727273,1.0,3.0,3.0,3.0,3.0,3.0,5
71894,2.3,2.0,1.0,2.3333333,7.0,1.3636364,1.0,2.0,2.0,2.0,3.0,3.0,5
76790,1.5,4.0,0.0,3.0,6.0,0.54545456,3.0,4.0,4.0,4.0,4.0,3.0,5
95930,2.7,0.0,2.0,3.5,5.0,0.0,4.0,1.0,3.0,3.0,1.0,3.0,5
70962,2.0,0.0,2.0,3.5,7.0,1.5454545,0.0,2.0,0.0,1.0,1.0,3.0,5
30453,2.0999999,1.0,2.0,3.0,10.0,2.090909,4.0,4.0,3.0,3.0,3.0,3.0,5
18677,1.8,3.0,2.0,2.6666667,6.0,1.4545455,4.0,0.0,0.0,1.0,1.0,3.0,5
66047,3.7,2.0,2.0,2.0,9.0,1.6363636,1.0,3.0,0.0,0.0,3.0,3.0,5
58682,2.5999999,3.0,1.0,3.0,6.0,1.3636364,1.0,2.0,3.0,2.0,4.0,3.0,5
79834,0.89999998,3.0,2.0,2.6666667,5.0,1.0909091,2.0,0.0,3.0,4.0,3.0,0.0,5
38052,1.6,4.0,0.0,4.0,8.0,0.54545456,1.0,1.0,0.0,0.0,3.0,3.0,5
33133,2.3,0.0,2.0,3.1666667,9.0,1.6363636,4.0,0.0,1.0,1.0,1.0,3.0,5
40021,1.7,0.0,2.0,3.8333333,5.0,0.27272728,4.0,1.0,0.0,0.0,4.0,3.0,5
47810,0.80000001,4.0,0.0,3.6666667,4.0,-0.090909094,4.0,0.0,3.0,0.0,1.0,3.0,5
58196,0.60000002,3.0,2.0,3.3333333,5.0,0.45454547,4.0,4.0,1.0,1.0,4.0,3.0,5
76663,2.5999999,0.0,2.0,3.0,6.0,1.0,1.0,3.0,3.0,3.0,1.0,3.0,5
48224,2.5,0.0,1.0,2.5,10.0,1.1818181,0.0,3.0,2.0,2.0,4.0,3.0,5
30137,1.7,3.0,2.0,3.3333333,3.0,0.90909094,1.0,3.0,0.0,0.0,1.0,3.0,5
68318,1.4,3.0,2.0,3.1666667,4.0,0.63636363,0.0,0.0,3.0,1.0,4.0,3.0,5
62246,1.6,3.0,0.0,3.3333333,5.0,0.72727275,4.0,1.0,1.0,1.0,1.0,3.0,5
55424,2.8,2.0,2.0,3.0,13.0,1.1818181,1.0,4.0,2.0,2.0,2.0,3.0,5
23576,0.69999999,4.0,0.0,3.3333333,4.0,0.81818181,4.0,4.0,3.0,3.0,3.0,3.0,5
17522,0.80000001,4.0,2.0,3.1666667,7.0,1.1818181,1.0,3.0,3.0,3.0,0.0,3.0,5
93485,1.3,4.0,0.0,3.1666667,3.0,1.0,4.0,1.0,1.0,0.0,4.0,3.0,5
62617,1.0,3.0,2.0,4.1666665,3.0,0.0,1.0,1.0,2.0,0.0,4.0,3.0,5
42137,2.0999999,3.0,2.0,3.6666667,5.0,0.72727275,4.0,2.0,2.0,0.0,4.0,3.0,5
37305,1.3,4.0,0.0,4.0,5.0,1.6363636,1.0,2.0,1.0,1.0,0.0,2.0,5
48013,1.0,3.0,0.0,2.5,8.0,2.909091,1.0,4.0,2.0,2.0,4.0,3.0,5
14571,0.89999998,4.0,0.0,2.6666667,3.0,3.0,3.0,3.0,3.0,3.0,3.0,3.0,5
69057,2.8,2.0,2.0,1.8333334,7.0,1.6363636,4.0,1.0,0.0,0.0,4.0,2.0,5
83542,1.5,3.0,2.0,3.1666667,4.0,1.2727273,1.0,1.0,3.0,3.0,3.0,3.0,5
18222,1.6,0.0,2.0,2.6666667,9.0,2.7272727,1.0,1.0,0.0,0.0,1.0,2.0,5
39738,2.7,3.0,2.0,2.8333333,8.0,1.9090909,1.0,1.0,3.0,0.0,2.0,3.0,5
26858,2.4000001,3.0,2.0,2.8333333,6.0,1.3636364,0.0,2.0,0.0,0.0,4.0,3.0,5
38826,1.6,3.0,2.0,2.3333333,5.0,0.90909094,2.0,2.0,0.0,1.0,1.0,3.0,5
93504,1.4,0.0,2.0,3.1666667,7.0,1.0,1.0,1.0,3.0,3.0,3.0,3.0,5
64232,1.6,4.0,0.0,3.6666667,8.0,1.4545455,0.0,0.0,1.0,1.0,4.0,3.0,5
37404,1.6,2.0,0.0,3.1666667,6.0,1.8181819,4.0,2.0,3.0,1.0,4.0,3.0,5
87330,1.9,3.0,0.0,2.8333333,7.0,1.4545455,4.0,3.0,3.0,1.0,4.0,3.0,5
82248,1.7,3.0,2.0,3.3333333,11.0,1.0,0.0,3.0,3.0,3.0,2.0,3.0,5
37001,1.6,3.0,2.0,4.1666665,6.0,1.3636364,1.0,3.0,4.0,4.0,4.0,3.0,5
70492,1.8,3.0,2.0,3.3333333,6.0,0.54545456,1.0,2.0,1.0,1.0,1.0,3.0,5
95543,0.60000002,3.0,2.0,3.5,5.0,2.1818182,2.0,2.0,3.0,3.0,2.0,3.0,5
21380,1.8,3.0,2.0,3.8333333,7.0,0.45454547,2.0,2.0,4.0,1.0,4.0,4.0,5
67106,0.69999999,4.0,2.0,4.0,4.0,0.45454547,3.0,2.0,3.0,3.0,2.0,3.0,5
25495,2.3,2.0,2.0,3.3333333,7.0,0.81818181,1.0,3.0,0.0,2.0,2.0,3.0,5
83612,1.8,3.0,1.0,2.6666667,4.0,1.1818181,1.0,0.0,3.0,2.0,4.0,3.0,5
19122,2.2,0.0,1.0,3.5,8.0,1.5454545,2.0,2.0,0.0,2.0,0.0,0.0,5
99978,1.3,4.0,0.0,3.6666667,5.0,0.45454547,0.0,4.0,2.0,3.0,1.0,3.0,5
92566,0.60000002,4.0,0.0,3.5,6.0,1.0,1.0,0.0,0.0,0.0,1.0,3.0,5
39414,1.6,0.0,1.0,3.3333333,7.0,1.2727273,1.0,3.0,3.0,3.0,1.0,3.0,5
35987,2.0,3.0,2.0,3.0,10.0,1.2727273,3.0,3.0,2.0,3.0,4.0,1.0,5
46373,2.0,3.0,2.0,2.8333333,7.0,2.4545455,0.0,1.0,4.0,4.0,4.0,4.0,5
79341,1.2,0.0,0.0,3.3333333,4.0,1.8181819,4.0,1.0,0.0,0.0,4.0,3.0,5
19591,1.3,4.0,0.0,3.3333333,3.0,0.81818181,4.0,0.0,2.0,2.0,4.0,3.0,5
83536,2.0999999,3.0,2.0,3.1666667,4.0,1.0909091,1.0,1.0,2.0,0.0,4.0,3.0,5
67608,1.0,3.0,2.0,3.5,6.0,0.090909094,4.0,1.0,1.0,1.0,4.0,3.0,5
19735,2.0999999,4.0,2.0,2.8333333,7.0,2.0,0.0,1.0,1.0,1.0,1.0,2.0,5
59207,1.5,3.0,2.0,2.6666667,6.0,1.2727273,4.0,0.0,2.0,2.0,3.0,3.0,5
86083,1.7,3.0,2.0,2.6666667,,1.3636364,1.0,1.0,1.0,1.0,4.0,3.0,5
50766,1.2,3.0,0.0,2.8333333,7.0,1.0909091,2.0,4.0,1.0,0.0,3.0,3.0,5
71089,1.9,3.0,2.0,3.5,5.0,2.1818182,3.0,3.0,1.0,1.0,4.0,3.0,5
80980,1.1,3.0,2.0,3.6666667,7.0,1.0909091,2.0,2.0,1.0,1.0,4.0,3.0,5
98462,1.1,3.0,2.0,3.0,5.0,1.7272727,0.0,3.0,3.0,3.0,3.0,3.0,5
64302,2.5,0.0,1.0,2.6666667,6.0,0.54545456,3.0,3.0,3.0,3.0,3.0,3.0,5
22688,1.2,3.0,2.0,3.5,6.0,0.72727275,1.0,1.0,1.0,1.0,4.0,3.0,5
38815,1.3,3.0,2.0,3.1666667,5.0,1.0,4.0,2.0,1.0,0.0,4.0,3.0,5
68404,2.0,0.0,2.0,3.8333333,9.0,1.0909091,1.0,0.0,0.0,0.0,4.0,3.0,5
55569,2.9000001,0.0,2.0,3.3333333,10.0,0.90909094,3.0,3.0,2.0,0.0,1.0,3.0,5
72885,2.0,0.0,1.0,2.0,12.0,1.8181819,1.0,2.0,2.0,2.0,0.0,1.0,5
36574,2.0999999,3.0,2.0,2.6666667,4.0,1.9090909,0.0,1.0,4.0,1.0,0.0,0.0,5
71193,2.0999999,0.0,1.0,2.6666667,7.0,0.90909094,1.0,3.0,3.0,3.0,3.0,3.0,5
44070,1.4,3.0,0.0,3.6666667,6.0,2.3636363,1.0,3.0,3.0,2.0,0.0,3.0,5
95374,1.7,2.0,2.0,3.3333333,8.0,2.090909,3.0,1.0,3.0,3.0,3.0,3.0,5
71985,1.8,3.0,2.0,3.3333333,5.0,2.7272727,1.0,1.0,3.0,3.0,3.0,3.0,5
43125,1.2,3.0,2.0,2.8333333,6.0,1.4545455,2.0,3.0,1.0,1.0,0.0,3.0,5
98117,3.0,1.0,3.0,1.6666666,7.0,1.9090909,2.0,3.0,3.0,3.0,1.0,3.0,5
22989,0.69999999,3.0,2.0,4.0,8.0,1.3636364,1.0,1.0,4.0,0.0,0.0,0.0,5
24883,2.0,3.0,1.0,3.3333333,4.0,0.18181819,0.0,0.0,2.0,2.0,4.0,2.0,5
20650,2.0,3.0,2.0,2.5,5.0,2.7272727,2.0,2.0,1.0,2.0,3.0,2.0,5
66815,1.4,4.0,2.0,4.1666665,7.0,0.0,2.0,1.0,3.0,3.0,2.0,3.0,5
54956,2.5,0.0,1.0,3.6666667,7.0,1.0,2.0,0.0,3.0,3.0,4.0,3.0,5
14847,2.7,1.0,2.0,1.8333334,4.0,1.0909091,0.0,2.0,2.0,2.0,1.0,2.0,5
85453,0.69999999,4.0,0.0,3.5,5.0,1.1818181,4.0,1.0,1.0,1.0,3.0,2.0,5
43382,1.1,4.0,2.0,3.0,8.0,0.27272728,3.0,3.0,3.0,3.0,3.0,3.0,5
44344,2.5999999,2.0,0.0,2.5,7.0,1.4545455,4.0,1.0,2.0,0.0,0.0,3.0,5
94215,2.0999999,3.0,2.0,2.3333333,5.0,2.1818182,2.0,4.0,3.0,3.0,3.0,3.0,5
57144,1.7,3.0,2.0,3.0,8.0,0.63636363,2.0,2.0,3.0,3.0,2.0,3.0,5
65072,1.4,3.0,0.0,3.5,3.0,1.6363636,1.0,1.0,4.0,1.0,0.0,0.0,5
11910,1.2,4.0,1.0,2.8333333,6.0,1.1818181,1.0,4.0,2.0,1.0,2.0,3.0,5
75438,1.6,4.0,2.0,2.6666667,6.0,0.36363637,4.0,3.0,1.0,2.0,4.0,3.0,5
99733,0.40000001,4.0,0.0,4.1666665,4.0,0.63636363,1.0,0.0,3.0,3.0,3.0,3.0,5
27407,2.7,3.0,2.0,3.3333333,7.0,0.18181819,4.0,1.0,0.0,2.0,1.0,3.0,5
43794,2.4000001,3.0,2.0,3.1666667,8.0,0.18181819,0.0,3.0,1.0,1.0,3.0,3.0,5
60216,1.9,4.0,2.0,3.3333333,6.0,1.4545455,4.0,3.0,2.0,2.0,4.0,3.0,5
51437,1.0,3.0,0.0,3.3333333,6.0,0.72727275,4.0,3.0,0.0,0.0,4.0,3.0,5
21932,1.0,3.0,0.0,3.3333333,9.0,0.45454547,1.0,1.0,0.0,2.0,3.0,3.0,5
98206,1.4,4.0,0.0,3.3333333,5.0,0.90909094,3.0,1.0,3.0,1.0,4.0,3.0,5
36385,2.0999999,0.0,2.0,3.5,7.0,1.5454545,1.0,1.0,0.0,1.0,4.0,2.0,5
54030,1.8,4.0,0.0,3.6666667,6.0,2.0,2.0,2.0,3.0,3.0,2.0,3.0,5
67993,2.0,3.0,2.0,3.6666667,7.0,1.9090909,1.0,2.0,1.0,1.0,4.0,3.0,5
96543,1.1,4.0,2.0,2.6666667,3.0,1.0,1.0,1.0,1.0,0.0,4.0,3.0,5
49800,2.2,2.0,1.0,2.6666667,3.0,3.3636363,2.0,2.0,3.0,3.0,1.0,3.0,5
29296,2.0999999,3.0,2.0,3.0,7.0,0.45454547,4.0,1.0,1.0,1.0,4.0,3.0,5
72850,2.0,3.0,2.0,3.6666667,9.0,0.63636363,4.0,3.0,1.0,1.0,4.0,3.0,5
15134,1.1,4.0,2.0,3.8333333,6.0,0.36363637,4.0,4.0,1.0,4.0,4.0,3.0,5
42531,2.5,2.0,2.0,3.5,4.0,1.5454545,1.0,1.0,1.0,0.0,1.0,3.0,5
34062,1.7,3.0,0.0,3.8333333,5.0,1.0,2.0,4.0,0.0,1.0,4.0,3.0,5
18111,1.3,0.0,2.0,3.3333333,6.0,2.0,2.0,3.0,1.0,1.0,1.0,3.0,5
42646,2.0,0.0,2.0,3.6666667,7.0,0.81818181,4.0,0.0,3.0,2.0,4.0,3.0,5
59097,2.5999999,0.0,2.0,2.8333333,4.0,1.7272727,0.0,1.0,1.0,1.0,4.0,2.0,5
72912,1.4,3.0,2.0,2.3333333,5.0,2.1818182,1.0,1.0,3.0,0.0,2.0,3.0,5
24833,1.5,3.0,2.0,3.6666667,7.0,1.5454545,1.0,1.0,1.0,1.0,4.0,3.0,5
21971,2.5,3.0,2.0,3.3333333,8.0,1.2727273,4.0,0.0,2.0,1.0,4.0,3.0,5
84502,1.8,3.0,2.0,3.3333333,,0.45454547,0.0,4.0,3.0,3.0,2.0,3.0,5
52123,1.8,4.0,2.0,4.0,8.0,1.7272727,0.0,0.0,1.0,1.0,4.0,3.0,5
78783,1.8,0.0,2.0,3.6666667,8.0,2.5454545,4.0,4.0,0.0,0.0,4.0,3.0,5
25197,2.3,3.0,0.0,3.1666667,7.0,1.2727273,4.0,4.0,1.0,1.0,0.0,3.0,5
35872,0.40000001,4.0,2.0,3.8333333,5.0,1.6363636,0.0,0.0,3.0,3.0,2.0,3.0,5
23270,1.5,3.0,2.0,2.6666667,4.0,0.63636363,4.0,0.0,2.0,0.0,4.0,3.0,5
92716,1.1,4.0,0.0,3.0,7.0,0.72727275,4.0,4.0,1.0,1.0,3.0,3.0,5
68679,2.0999999,0.0,1.0,2.8333333,4.0,1.7272727,3.0,0.0,1.0,1.0,4.0,4.0,5
70125,2.2,4.0,2.0,3.1666667,7.0,1.0909091,4.0,0.0,0.0,1.0,1.0,3.0,5
67192,2.5999999,0.0,1.0,2.0,9.0,0.63636363,1.0,3.0,0.0,1.0,3.0,3.0,5
12029,1.6,3.0,2.0,2.8333333,6.0,3.5454545,1.0,2.0,3.0,3.0,3.0,3.0,5
70745,1.5,3.0,1.0,2.6666667,4.0,2.0,2.0,3.0,3.0,0.0,0.0,3.0,5
93856,2.3,0.0,2.0,2.0,6.0,3.4545455,0.0,0.0,3.0,3.0,3.0,3.0,5
10237,2.0,3.0,2.0,3.1666667,10.0,2.3636363,2.0,4.0,2.0,2.0,4.0,3.0,5
97448,1.4,3.0,2.0,4.0,5.0,0.72727275,4.0,0.0,0.0,1.0,1.0,3.0,5
54098,1.7,3.0,2.0,3.5,8.0,2.4545455,0.0,1.0,4.0,4.0,0.0,3.0,5
66156,2.2,0.0,2.0,3.1666667,5.0,1.0,2.0,2.0,1.0,1.0,4.0,3.0,5
67177,1.6,3.0,1.0,2.5,5.0,1.2727273,1.0,3.0,3.0,2.0,1.0,3.0,5
18611,3.0999999,2.0,2.0,1.1666666,11.0,1.7272727,3.0,4.0,3.0,2.0,1.0,3.0,5
87328,0.40000001,4.0,2.0,3.3333333,4.0,2.7272727,1.0,0.0,3.0,3.0,3.0,3.0,5
49497,2.0999999,2.0,2.0,3.5,8.0,1.0909091,4.0,3.0,1.0,1.0,4.0,3.0,5
17183,1.4,4.0,2.0,4.0,6.0,2.0,2.0,3.0,2.0,2.0,0.0,3.0,5
22408,0.89999998,4.0,2.0,3.8333333,6.0,0.90909094,4.0,4.0,3.0,3.0,3.0,3.0,5
54435,1.2,3.0,2.0,2.8333333,7.0,1.2727273,1.0,2.0,3.0,2.0,4.0,3.0,5
38293,2.0999999,3.0,2.0,3.8333333,7.0,1.9090909,1.0,4.0,1.0,1.0,4.0,3.0,5
33785,2.4000001,0.0,2.0,3.3333333,5.0,2.2727273,4.0,1.0,0.0,0.0,1.0,4.0,5
44310,1.0,4.0,2.0,3.3333333,5.0,1.7272727,2.0,0.0,3.0,3.0,3.0,3.0,5
33009,1.4,4.0,1.0,3.6666667,7.0,1.0,1.0,1.0,2.0,1.0,4.0,3.0,5
70005,3.0999999,2.0,1.0,2.8333333,9.0,1.8181819,0.0,1.0,1.0,0.0,4.0,0.0,5
64157,1.8,3.0,0.0,3.6666667,5.0,0.36363637,4.0,4.0,3.0,2.0,4.0,3.0,5
79395,2.5999999,2.0,2.0,3.3333333,6.0,1.7272727,4.0,4.0,0.0,3.0,4.0,3.0,5
59863,1.0,4.0,0.0,3.3333333,4.0,1.0,4.0,1.0,1.0,3.0,1.0,3.0,5
63419,2.3,0.0,2.0,3.5,6.0,1.4545455,0.0,4.0,3.0,3.0,3.0,3.0,5
22913,0.69999999,3.0,1.0,3.6666667,6.0,0.81818181,0.0,0.0,1.0,0.0,1.0,2.0,5
91313,2.2,3.0,0.0,3.5,8.0,1.0909091,1.0,1.0,0.0,0.0,4.0,3.0,5
14511,2.5999999,0.0,2.0,3.3333333,8.0,1.2727273,1.0,0.0,1.0,1.0,4.0,3.0,5
73962,1.8,3.0,2.0,3.3333333,6.0,1.0909091,1.0,3.0,1.0,1.0,4.0,3.0,5
48969,4.0,2.0,3.0,1.3333334,10.0,2.8181818,4.0,2.0,3.0,2.0,2.0,3.0,5
10153,0.60000002,4.0,0.0,3.3333333,5.0,1.0909091,1.0,4.0,1.0,1.0,0.0,3.0,5
64296,1.1,4.0,2.0,3.8333333,4.0,0.63636363,1.0,1.0,3.0,3.0,1.0,2.0,5
17569,1.3,4.0,0.0,3.3333333,9.0,1.0909091,2.0,1.0,1.0,1.0,0.0,1.0,5
77036,1.6,3.0,2.0,3.3333333,4.0,0.27272728,4.0,0.0,2.0,2.0,3.0,3.0,5
53518,2.0,3.0,2.0,2.5,8.0,1.0909091,0.0,0.0,1.0,1.0,4.0,1.0,5
33953,1.2,3.0,2.0,4.0,3.0,1.5454545,4.0,1.0,2.0,1.0,3.0,3.0,5
82986,0.80000001,4.0,2.0,4.5,8.0,0.090909094,1.0,4.0,3.0,3.0,3.0,3.0,5
11402,1.9,3.0,1.0,2.3333333,5.0,2.0,1.0,1.0,2.0,3.0,3.0,0.0,5
38610,0.80000001,3.0,2.0,4.3333335,5.0,0.90909094,4.0,0.0,2.0,2.0,3.0,3.0,5
96610,0.89999998,4.0,2.0,4.0,7.0,0.90909094,1.0,3.0,3.0,3.0,4.0,3.0,5
77711,2.0,0.0,2.0,3.0,6.0,1.7272727,3.0,4.0,0.0,1.0,3.0,3.0,5
17020,1.7,3.0,1.0,2.6666667,5.0,0.72727275,0.0,4.0,2.0,3.0,2.0,3.0,5
48676,2.0,3.0,2.0,3.5,5.0,0.90909094,1.0,0.0,2.0,2.0,4.0,3.0,5
29885,1.6,3.0,2.0,3.1666667,7.0,1.6363636,4.0,1.0,1.0,1.0,4.0,3.0,5
79167,0.69999999,4.0,0.0,4.0,3.0,1.0,4.0,4.0,1.0,1.0,3.0,3.0,5
43710,1.6,4.0,0.0,3.1666667,8.0,1.7272727,0.0,4.0,3.0,1.0,0.0,3.0,5
22455,1.0,4.0,0.0,2.8333333,5.0,1.3636364,4.0,3.0,3.0,3.0,3.0,3.0,5
57443,1.4,3.0,2.0,2.8333333,5.0,1.1818181,0.0,0.0,3.0,3.0,0.0,3.0,5
96469,0.89999998,4.0,0.0,4.0,5.0,0.45454547,3.0,4.0,3.0,1.0,4.0,3.0,5
94579,1.8,3.0,2.0,3.1666667,5.0,2.1818182,4.0,1.0,2.0,2.0,4.0,3.0,5
29257,0.80000001,3.0,2.0,3.1666667,5.0,0.81818181,1.0,1.0,1.0,0.0,3.0,3.0,5
23518,1.8,4.0,2.0,3.0,7.0,0.54545456,2.0,0.0,2.0,2.0,0.0,3.0,5
49539,1.5,3.0,2.0,4.0,5.0,0.72727275,3.0,3.0,3.0,3.0,4.0,3.0,5
63904,2.5999999,3.0,1.0,2.3333333,8.0,1.5454545,3.0,3.0,3.0,3.0,1.0,3.0,5
82490,1.6,3.0,2.0,3.5,8.0,2.1818182,4.0,0.0,1.0,0.0,0.0,3.0,5
20335,0.5,4.0,0.0,3.0,6.0,2.5454545,0.0,0.0,0.0,1.0,4.0,3.0,5
35031,1.6,3.0,0.0,3.5,5.0,1.0909091,4.0,0.0,1.0,1.0,0.0,3.0,5
88185,1.4,4.0,2.0,3.8333333,6.0,1.6363636,4.0,0.0,3.0,3.0,3.0,3.0,5
35344,3.0,2.0,2.0,3.1666667,4.0,0.18181819,4.0,1.0,1.0,1.0,4.0,3.0,5
31175,2.0,3.0,2.0,3.3333333,7.0,2.2727273,4.0,0.0,1.0,1.0,4.0,3.0,5
98325,1.8,2.0,1.0,3.0,6.0,0.54545456,1.0,1.0,2.0,0.0,4.0,3.0,5
36963,2.2,0.0,2.0,3.1666667,8.0,1.4545455,0.0,0.0,0.0,1.0,4.0,3.0,5
50666,1.5,4.0,2.0,3.5,7.0,0.27272728,1.0,0.0,3.0,2.0,3.0,3.0,5
42617,1.6,3.0,0.0,3.8333333,5.0,0.18181819,4.0,3.0,0.0,0.0,1.0,3.0,5
58793,2.0,4.0,2.0,3.0,4.0,1.7272727,4.0,1.0,1.0,1.0,4.0,3.0,5
25548,1.8,3.0,2.0,3.5,6.0,1.5454545,1.0,0.0,1.0,1.0,4.0,3.0,5
25966,2.0,3.0,2.0,3.3333333,11.0,2.0,4.0,1.0,2.0,0.0,4.0,3.0,5
43581,3.2,3.0,0.0,3.5,7.0,0.72727275,1.0,0.0,1.0,4.0,2.0,3.0,5
91551,1.3,3.0,0.0,2.8333333,8.0,1.1818181,4.0,1.0,2.0,2.0,0.0,3.0,5
33657,2.0999999,2.0,0.0,3.5,4.0,1.2727273,0.0,1.0,0.0,1.0,4.0,3.0,5
65656,1.9,3.0,2.0,3.6666667,6.0,1.1818181,0.0,1.0,3.0,3.0,4.0,3.0,5
36117,1.8,3.0,1.0,3.8333333,5.0,1.7272727,3.0,0.0,0.0,0.0,1.0,3.0,5
82587,2.8,0.0,1.0,2.8333333,5.0,1.6363636,4.0,2.0,1.0,1.0,4.0,3.0,5
26320,2.0,0.0,2.0,4.1666665,6.0,0.63636363,1.0,1.0,3.0,1.0,2.0,3.0,5
77532,1.9,4.0,2.0,2.5,8.0,3.0,4.0,3.0,3.0,3.0,4.0,3.0,5
92515,0.89999998,3.0,2.0,3.1666667,7.0,1.0909091,2.0,1.0,0.0,0.0,1.0,3.0,5
97844,2.5,4.0,2.0,3.8333333,6.0,0.54545456,2.0,1.0,1.0,1.0,3.0,3.0,5
49790,1.3,3.0,2.0,3.6666667,7.0,1.0909091,1.0,1.0,3.0,1.0,4.0,3.0,5
71592,2.0,3.0,1.0,3.1666667,7.0,0.81818181,0.0,1.0,1.0,1.0,4.0,3.0,5
15181,0.89999998,4.0,0.0,3.3333333,5.0,1.0909091,4.0,4.0,0.0,3.0,1.0,3.0,5
78657,1.7,0.0,2.0,3.1666667,6.0,1.3636364,4.0,4.0,1.0,0.0,3.0,3.0,5
48154,0.69999999,4.0,0.0,3.1666667,5.0,1.4545455,1.0,0.0,0.0,1.0,3.0,3.0,5
51495,2.5,3.0,1.0,2.6666667,7.0,0.36363637,3.0,1.0,0.0,0.0,4.0,3.0,5
17932,1.2,3.0,2.0,2.5,8.0,1.5454545,1.0,4.0,0.0,1.0,4.0,3.0,5
95026,2.5999999,2.0,0.0,2.5,9.0,1.5454545,4.0,1.0,4.0,1.0,4.0,1.0,5
66800,2.3,3.0,2.0,3.3333333,,3.7272727,4.0,1.0,1.0,3.0,3.0,3.0,5
80429,1.6,0.0,2.0,2.8333333,5.0,1.8181819,3.0,3.0,1.0,1.0,0.0,3.0,5
67709,1.9,3.0,2.0,3.3333333,3.0,1.8181819,1.0,1.0,3.0,3.0,0.0,3.0,5
36552,2.0999999,3.0,0.0,3.1666667,6.0,0.90909094,4.0,2.0,2.0,2.0,4.0,3.0,5
14301,1.6,3.0,2.0,3.5,6.0,0.72727275,1.0,1.0,2.0,2.0,4.0,3.0,5
63138,1.5,3.0,2.0,3.5,5.0,1.3636364,2.0,2.0,2.0,2.0,1.0,3.0,5
51298,1.2,4.0,2.0,3.0,7.0,1.5454545,1.0,2.0,1.0,0.0,1.0,0.0,5
74632,2.4000001,3.0,2.0,3.3333333,8.0,1.1818181,0.0,2.0,3.0,3.0,2.0,3.0,5
16654,1.4,3.0,2.0,3.3333333,4.0,1.3636364,1.0,4.0,1.0,1.0,1.0,3.0,5
84768,1.8,0.0,2.0,2.1666667,,1.0909091,0.0,0.0,3.0,2.0,0.0,3.0,5
29134,1.9,3.0,1.0,2.3333333,6.0,4.181818,3.0,3.0,3.0,3.0,3.0,3.0,5
24029,1.8,3.0,2.0,3.5,6.0,2.5454545,4.0,1.0,3.0,3.0,3.0,3.0,5
49086,0.89999998,4.0,2.0,3.6666667,5.0,1.6363636,4.0,0.0,0.0,2.0,3.0,3.0,5
85503,3.0,2.0,1.0,1.6666666,6.0,1.7272727,2.0,3.0,4.0,4.0,4.0,3.0,5
22119,2.9000001,3.0,2.0,3.5,8.0,1.3636364,3.0,4.0,1.0,1.0,4.0,3.0,5
25172,0.40000001,4.0,0.0,3.3333333,3.0,-0.090909094,1.0,4.0,0.0,0.0,4.0,3.0,5
77134,3.0,2.0,1.0,2.0,8.0,0.54545456,1.0,1.0,0.0,1.0,1.0,3.0,5
95490,2.0999999,0.0,1.0,3.6666667,6.0,1.5454545,1.0,0.0,1.0,1.0,4.0,2.0,5
23253,1.7,4.0,2.0,3.3333333,5.0,2.090909,4.0,1.0,0.0,0.0,4.0,3.0,5
90079,1.7,4.0,0.0,3.1666667,7.0,1.0909091,0.0,1.0,3.0,3.0,4.0,3.0,5
47584,2.0999999,3.0,2.0,3.5,8.0,0.90909094,0.0,3.0,1.0,1.0,1.0,3.0,5
97990,1.9,3.0,2.0,3.0,4.0,2.6363637,1.0,3.0,3.0,3.0,2.0,3.0,5
91429,2.5999999,2.0,1.0,2.1666667,7.0,2.1818182,1.0,1.0,0.0,0.0,4.0,3.0,5
82269,1.5,0.0,2.0,2.6666667,3.0,0.81818181,1.0,0.0,1.0,1.0,4.0,3.0,5
22842,1.6,0.0,2.0,3.3333333,10.0,1.4545455,1.0,0.0,2.0,0.0,0.0,3.0,5
14279,1.4,3.0,0.0,2.1666667,8.0,1.1818181,3.0,2.0,3.0,0.0,2.0,3.0,5
43177,0.80000001,4.0,2.0,3.1666667,5.0,1.4545455,2.0,2.0,0.0,1.0,1.0,3.0,5
26857,1.1,0.0,2.0,3.6666667,5.0,0.54545456,1.0,4.0,1.0,0.0,4.0,3.0,5
28327,2.4000001,2.0,2.0,3.8,8.0,1.1818181,2.0,3.0,1.0,1.0,4.0,3.0,5
52302,2.0,0.0,2.0,3.6666667,6.0,2.2727273,2.0,1.0,1.0,1.0,2.0,3.0,5
97050,2.2,2.0,2.0,3.3333333,7.0,1.0909091,4.0,4.0,1.0,1.0,4.0,3.0,5
46418,1.4,3.0,2.0,2.8333333,9.0,1.5454545,1.0,1.0,1.0,1.0,2.0,3.0,5
93002,1.6,4.0,0.0,3.3333333,9.0,0.81818181,1.0,1.0,3.0,3.0,4.0,3.0,5
17470,2.2,2.0,1.0,2.5,5.0,3.0,1.0,1.0,1.0,1.0,4.0,2.0,5
35180,2.0999999,3.0,2.0,2.6666667,6.0,0.54545456,0.0,0.0,3.0,3.0,3.0,3.0,5
89142,1.6,0.0,2.0,2.6666667,7.0,2.3636363,3.0,4.0,3.0,3.0,3.0,3.0,5
24898,1.0,3.0,0.0,2.5,6.0,1.3636364,4.0,4.0,3.0,3.0,2.0,3.0,5
74413,1.6,0.0,2.0,3.3333333,5.0,0.90909094,4.0,3.0,2.0,3.0,2.0,3.0,5
79352,1.9,3.0,2.0,4.0,7.0,0.63636363,0.0,0.0,3.0,3.0,0.0,3.0,5
50976,2.5,2.0,0.0,2.1666667,7.0,2.4545455,4.0,2.0,0.0,0.0,4.0,3.0,5
12156,1.4,3.0,2.0,2.0,8.0,1.1818181,1.0,0.0,1.0,0.0,0.0,3.0,5
76485,2.3,3.0,2.0,3.5,6.0,1.1818181,4.0,1.0,1.0,0.0,4.0,3.0,5
33239,1.5,4.0,0.0,3.6666667,5.0,1.6363636,4.0,2.0,1.0,1.0,2.0,3.0,5
72570,2.5,1.0,1.0,1.8333334,8.0,2.090909,3.0,3.0,3.0,3.0,4.0,3.0,5
67574,1.3,4.0,2.0,2.3333333,6.0,0.72727275,1.0,1.0,4.0,4.0,4.0,3.0,5
10469,2.0999999,0.0,2.0,2.8333333,10.0,1.1818181,2.0,2.0,3.0,2.0,2.0,3.0,5
77789,1.8,3.0,1.0,3.1666667,6.0,0.81818181,3.0,3.0,1.0,1.0,4.0,3.0,5
47024,3.0999999,4.0,2.0,3.0,6.0,1.3636364,1.0,4.0,1.0,1.0,0.0,3.0,5
67015,1.5,3.0,2.0,3.0,,1.8181819,1.0,1.0,1.0,1.0,3.0,3.0,5
88882,1.3,4.0,2.0,3.3333333,7.0,0.90909094,4.0,1.0,1.0,0.0,4.0,2.0,5
96828,1.0,4.0,0.0,3.3333333,5.0,1.6363636,1.0,4.0,2.0,1.0,2.0,3.0,5
19245,2.5,0.0,2.0,1.8333334,10.0,2.1818182,4.0,1.0,4.0,2.0,0.0,0.0,5
83748,1.0,3.0,2.0,3.0,9.0,0.27272728,4.0,1.0,3.0,3.0,2.0,3.0,5
49915,0.89999998,4.0,2.0,3.8333333,5.0,1.1818181,2.0,2.0,2.0,2.0,0.0,3.0,5
51865,2.0,3.0,2.0,1.8333334,6.0,1.3636364,3.0,4.0,1.0,1.0,1.0,2.0,5
93787,1.8,3.0,2.0,3.1666667,7.0,1.1818181,1.0,0.0,2.0,2.0,4.0,3.0,5
17270,1.9,3.0,2.0,3.0,7.0,2.1818182,1.0,3.0,2.0,3.0,4.0,3.0,5
18707,1.7,4.0,0.0,2.8333333,6.0,1.7272727,1.0,1.0,3.0,3.0,3.0,3.0,5
26718,1.8,3.0,2.0,3.8333333,6.0,0.27272728,1.0,0.0,3.0,3.0,4.0,3.0,5
63347,1.8,3.0,1.0,3.5,6.0,1.5454545,2.0,0.0,2.0,0.0,1.0,3.0,5
44869,2.5,2.0,2.0,2.8333333,8.0,5.818182,3.0,3.0,3.0,0.0,1.0,3.0,6
92552,2.5999999,1.0,1.0,3.0,6.0,3.1818182,0.0,3.0,3.0,3.0,4.0,1.0,6
73158,0.89999998,3.0,0.0,3.8333333,5.0,3.090909,1.0,4.0,3.0,3.0,3.0,3.0,6
45963,2.5,0.0,2.0,3.3333333,4.0,4.090909,1.0,1.0,1.0,0.0,3.0,3.0,6
22138,1.3,2.0,2.0,2.3333333,10.0,3.909091,3.0,1.0,0.0,1.0,4.0,3.0,6
77941,1.0,3.0,2.0,3.8333333,5.0,5.0,3.0,3.0,1.0,1.0,4.0,2.0,6
44873,1.0,2.0,0.0,3.6666667,7.0,3.1818182,1.0,4.0,4.0,1.0,1.0,3.0,6
83005,2.4000001,0.0,2.0,3.1666667,5.0,4.090909,0.0,2.0,3.0,0.0,4.0,3.0,6
31439,2.0,0.0,2.0,3.0,9.0,3.3636363,2.0,2.0,1.0,1.0,3.0,3.0,6
21899,1.2,0.0,1.0,3.3333333,7.0,3.7272727,2.0,3.0,1.0,2.0,0.0,1.0,6
46558,1.7,2.0,2.0,3.5,5.0,5.0,0.0,2.0,1.0,3.0,3.0,3.0,6
93699,1.8,2.0,2.0,3.0,9.0,3.909091,2.0,1.0,0.0,0.0,4.0,3.0,6
36875,1.4,3.0,0.0,3.1666667,,3.1818182,4.0,1.0,1.0,1.0,4.0,3.0,6
84011,1.2,2.0,2.0,3.1666667,5.0,3.1818182,1.0,4.0,1.0,1.0,2.0,3.0,6
90646,2.8,2.0,2.0,3.1666667,5.0,3.8181818,1.0,3.0,1.0,1.0,4.0,2.0,6
88008,2.5999999,0.0,1.0,2.5,4.0,4.909091,4.0,1.0,0.0,0.0,4.0,2.0,6
83566,1.8,2.0,2.0,3.5,5.0,2.8181818,3.0,0.0,3.0,2.0,1.0,3.0,6
21090,0.89999998,3.0,2.0,4.1666665,7.0,3.0,0.0,0.0,3.0,3.0,3.0,3.0,6
94641,0.60000002,2.0,1.0,2.1666667,9.0,4.2727275,2.0,3.0,3.0,3.0,2.0,3.0,6
82728,1.0,2.0,2.0,3.8333333,3.0,3.2727273,1.0,0.0,3.0,3.0,1.0,3.0,6
45076,0.80000001,0.0,2.0,3.6666667,5.0,4.5454545,4.0,4.0,3.0,1.0,3.0,3.0,6
58437,1.5,2.0,0.0,2.6666667,7.0,5.090909,4.0,1.0,4.0,0.0,4.0,4.0,6
14606,0.60000002,2.0,2.0,3.5,4.0,4.2727275,1.0,4.0,3.0,3.0,3.0,3.0,6
64075,0.80000001,0.0,2.0,3.8333333,4.0,5.4545455,4.0,0.0,0.0,0.0,0.0,3.0,6
44872,0.60000002,2.0,2.0,3.5,6.0,4.5454545,1.0,4.0,0.0,1.0,4.0,3.0,6
57325,2.0999999,2.0,1.0,3.3333333,5.0,4.181818,3.0,4.0,2.0,0.0,4.0,3.0,6
27306,1.2,3.0,0.0,4.0,6.0,2.4545455,4.0,1.0,2.0,2.0,4.0,3.0,6
46365,2.8,2.0,2.0,3.3333333,7.0,2.4545455,4.0,2.0,4.0,1.0,4.0,1.0,6
74492,1.0,2.0,2.0,3.5,,3.2727273,4.0,0.0,1.0,1.0,1.0,3.0,6
51760,0.80000001,3.0,0.0,3.5,7.0,2.7272727,4.0,3.0,4.0,0.0,2.0,3.0,6
72806,0.80000001,3.0,2.0,3.8333333,5.0,3.6363637,4.0,0.0,0.0,0.0,2.0,3.0,6
98766,1.0,3.0,2.0,3.6666667,3.0,3.0,1.0,1.0,1.0,1.0,4.0,1.0,6
60997,1.0,0.0,3.0,2.1666667,4.0,3.909091,2.0,2.0,4.0,0.0,3.0,3.0,6
36038,0.80000001,3.0,2.0,3.0,6.0,3.3636363,0.0,3.0,1.0,1.0,4.0,4.0,6
39146,1.2,2.0,2.0,3.3333333,5.0,4.2727275,2.0,3.0,3.0,1.0,4.0,3.0,6
67918,1.1,2.0,2.0,3.3333333,4.0,4.4545455,0.0,3.0,0.0,0.0,4.0,3.0,6
34467,1.5,3.0,2.0,4.0,4.0,3.1818182,1.0,4.0,3.0,3.0,2.0,3.0,6
32668,1.7,0.0,1.0,3.1666667,5.0,3.909091,1.0,3.0,4.0,4.0,4.0,2.0,6
24079,2.0,2.0,1.0,2.6666667,,3.6363637,4.0,4.0,0.0,0.0,1.0,3.0,6
59673,0.69999999,2.0,2.0,4.5,5.0,3.1818182,1.0,0.0,4.0,1.0,4.0,3.0,6
74899,2.4000001,2.0,2.0,4.0,6.0,4.3636365,1.0,1.0,1.0,1.0,3.0,2.0,6
81807,0.89999998,3.0,2.0,3.1666667,5.0,3.3636363,4.0,1.0,0.0,2.0,3.0,3.0,6
91176,2.0999999,2.0,1.0,3.1666667,8.0,3.0,3.0,1.0,0.0,0.0,1.0,3.0,6
35011,3.0,2.0,3.0,3.1666667,4.0,4.181818,0.0,1.0,3.0,1.0,1.0,3.0,6
35416,2.5999999,0.0,1.0,3.3333333,7.0,4.090909,0.0,3.0,3.0,3.0,4.0,3.0,6
89710,1.9,2.0,2.0,3.0,,5.3636365,1.0,1.0,2.0,0.0,4.0,3.0,6
97596,1.6,2.0,0.0,3.1666667,5.0,5.5454545,4.0,2.0,3.0,1.0,4.0,3.0,6
57359,1.2,3.0,2.0,3.3333333,5.0,3.3636363,1.0,2.0,0.0,0.0,4.0,3.0,6
17308,1.1,0.0,2.0,3.3333333,3.0,3.090909,4.0,1.0,1.0,1.0,4.0,3.0,6
77872,0.69999999,2.0,2.0,3.8333333,4.0,3.909091,1.0,2.0,0.0,0.0,4.0,2.0,6
72348,1.5,2.0,2.0,3.6666667,7.0,4.181818,1.0,2.0,3.0,3.0,1.0,3.0,6
89607,2.0,0.0,2.0,3.0,8.0,1.5454545,3.0,3.0,3.0,3.0,3.0,3.0,6
28820,1.9,2.0,1.0,3.0,6.0,3.8181818,1.0,1.0,3.0,3.0,4.0,3.0,6
35347,1.4,2.0,2.0,2.0,7.0,4.6363635,3.0,3.0,2.0,1.0,4.0,3.0,6
45641,1.9,0.0,2.0,2.3333333,5.0,4.3636365,1.0,2.0,3.0,3.0,1.0,3.0,6
73452,1.8,2.0,2.0,3.0,9.0,4.090909,4.0,4.0,4.0,0.0,2.0,3.0,6
28312,1.8,0.0,1.0,3.1666667,9.0,4.181818,0.0,2.0,1.0,1.0,1.0,2.0,6
13486,1.6,3.0,0.0,3.0,7.0,6.181818,1.0,4.0,4.0,4.0,0.0,3.0,6
56805,2.0,2.0,0.0,2.8333333,4.0,2.6363637,1.0,4.0,3.0,3.0,3.0,3.0,6
26800,0.89999998,3.0,2.0,3.5,5.0,3.5454545,1.0,0.0,1.0,0.0,3.0,3.0,6
60493,2.0999999,2.0,2.0,2.3333333,3.0,2.3636363,3.0,3.0,3.0,3.0,3.0,3.0,6
84390,3.3,2.0,2.0,3.0,6.0,4.181818,4.0,0.0,2.0,2.0,4.0,3.0,6
74845,1.2,3.0,0.0,4.0,6.0,3.6363637,4.0,0.0,1.0,1.0,1.0,0.0,6
60396,1.6,0.0,1.0,3.6666667,2.0,2.909091,4.0,4.0,4.0,0.0,4.0,2.0,6
92412,0.89999998,3.0,2.0,3.3333333,7.0,2.090909,4.0,3.0,0.0,0.0,3.0,3.0,6
92038,0.40000001,3.0,0.0,3.3333333,7.0,2.909091,4.0,4.0,1.0,1.0,3.0,3.0,6
86440,0.0,0.0,2.0,3.3333333,,2.8181818,3.0,1.0,3.0,3.0,3.0,2.0,6
95585,2.0,0.0,0.0,3.0,,5.909091,4.0,2.0,1.0,2.0,1.0,3.0,6
14737,0.80000001,0.0,1.0,3.0,5.0,3.6363637,1.0,2.0,0.0,0.0,1.0,3.0,6
28223,0.30000001,3.0,2.0,2.8333333,4.0,4.090909,3.0,0.0,1.0,1.0,0.0,1.0,6
20179,0.69999999,0.0,2.0,3.3333333,,4.2727275,4.0,3.0,0.0,0.0,4.0,2.0,6
28653,1.9,0.0,2.0,3.1666667,,3.4545455,0.0,4.0,2.0,2.0,2.0,3.0,6
95559,0.89999998,3.0,2.0,3.1666667,4.0,3.1818182,1.0,1.0,4.0,1.0,4.0,3.0,6
30152,1.6,2.0,2.0,2.6666667,6.0,3.0,0.0,3.0,2.0,0.0,4.0,3.0,6
60367,2.4000001,0.0,2.0,3.0,,8.0,3.0,3.0,3.0,3.0,3.0,3.0,6
59592,1.9,2.0,1.0,3.5,4.0,4.3636365,1.0,3.0,2.0,0.0,1.0,3.0,6
22897,0.89999998,2.0,2.0,3.8333333,7.0,4.181818,0.0,1.0,1.0,1.0,4.0,2.0,6
89652,1.9,0.0,2.0,4.1666665,3.0,3.5454545,0.0,2.0,1.0,1.0,2.0,3.0,6
28724,2.4000001,2.0,2.0,3.8333333,,3.2727273,4.0,0.0,1.0,1.0,4.0,3.0,6
69831,1.1,2.0,1.0,3.5,5.0,5.818182,3.0,3.0,1.0,1.0,3.0,3.0,6
50072,1.8,0.0,1.0,3.3333333,4.0,3.0,2.0,2.0,2.0,1.0,4.0,3.0,6
44927,1.5,2.0,1.0,3.5,6.0,4.090909,2.0,2.0,3.0,2.0,0.0,3.0,6
71894,2.2,2.0,2.0,2.8333333,7.0,3.2727273,4.0,3.0,0.0,1.0,1.0,3.0,6
66676,1.6,0.0,2.0,3.5,5.0,3.0,1.0,4.0,3.0,3.0,1.0,3.0,6
70962,2.0,2.0,2.0,3.5,5.0,3.6363637,0.0,3.0,1.0,1.0,1.0,3.0,6
30453,2.0,1.0,2.0,2.6666667,7.0,2.2727273,3.0,3.0,3.0,3.0,3.0,3.0,6
18677,2.0,2.0,2.0,3.1666667,,4.0,4.0,2.0,0.0,1.0,4.0,3.0,6
58682,1.8,2.0,2.0,3.6666667,5.0,3.4545455,2.0,1.0,2.0,2.0,4.0,3.0,6
79834,1.0,2.0,2.0,2.0,5.0,3.7272727,2.0,3.0,3.0,4.0,4.0,2.0,6
93471,1.9,2.0,0.0,3.6666667,,3.090909,4.0,4.0,3.0,2.0,4.0,3.0,6
38052,1.8,2.0,2.0,3.8333333,6.0,3.1818182,3.0,1.0,1.0,1.0,3.0,3.0,6
47810,1.1,3.0,1.0,3.5,5.0,3.090909,1.0,3.0,3.0,1.0,1.0,3.0,6
58196,0.5,2.0,2.0,3.3333333,2.0,2.909091,1.0,1.0,1.0,1.0,4.0,3.0,6
48224,2.0999999,0.0,1.0,2.3333333,7.0,3.909091,1.0,3.0,2.0,0.0,4.0,3.0,6
30137,1.6,3.0,0.0,2.8333333,3.0,3.6363637,4.0,1.0,3.0,3.0,4.0,3.0,6
68318,1.7,2.0,2.0,3.3333333,5.0,3.1818182,2.0,2.0,3.0,0.0,4.0,3.0,6
62246,1.5,2.0,2.0,3.3333333,5.0,3.2727273,4.0,1.0,1.0,1.0,0.0,0.0,6
61028,1.3,2.0,0.0,3.1666667,5.0,3.4545455,4.0,1.0,3.0,0.0,3.0,3.0,6
55424,3.2,2.0,2.0,3.1666667,8.0,3.7272727,1.0,4.0,0.0,0.0,1.0,3.0,6
23576,0.80000001,3.0,0.0,3.5,7.0,4.0,4.0,4.0,3.0,3.0,3.0,3.0,6
93485,0.2,3.0,0.0,3.5,,3.1818182,4.0,2.0,1.0,0.0,4.0,3.0,6
62617,0.1,3.0,2.0,4.3333335,4.0,3.7272727,4.0,3.0,1.0,1.0,4.0,3.0,6
42137,1.3,3.0,2.0,3.3333333,8.0,3.090909,4.0,2.0,0.0,0.0,4.0,3.0,6
37305,0.69999999,2.0,2.0,3.6666667,,5.181818,2.0,3.0,1.0,4.0,0.0,2.0,6
69057,2.0,0.0,2.0,2.0,8.0,3.4545455,4.0,2.0,1.0,1.0,4.0,3.0,6
83542,1.7,2.0,2.0,3.0,,4.181818,1.0,1.0,2.0,0.0,1.0,3.0,6
18222,1.0,0.0,2.0,2.8333333,5.0,5.3636365,1.0,4.0,2.0,2.0,2.0,2.0,6
26858,2.7,2.0,1.0,2.5,5.0,4.4545455,1.0,2.0,0.0,1.0,4.0,3.0,6
93504,1.5,2.0,2.0,3.0,5.0,6.3636365,1.0,3.0,3.0,3.0,3.0,3.0,6
64232,1.7,3.0,0.0,3.3333333,5.0,3.909091,1.0,1.0,0.0,1.0,4.0,3.0,6
37404,1.5,2.0,2.0,3.1666667,6.0,3.0,1.0,1.0,3.0,0.0,4.0,3.0,6
82248,1.3,2.0,1.0,2.6666667,,3.3636363,0.0,3.0,3.0,3.0,3.0,3.0,6
69936,2.9000001,2.0,2.0,2.6666667,,3.7272727,0.0,1.0,1.0,1.0,1.0,2.0,6
37001,0.30000001,3.0,2.0,3.8333333,,3.1818182,1.0,2.0,4.0,4.0,4.0,3.0,6
70492,1.3,2.0,2.0,3.3333333,3.0,3.6363637,0.0,0.0,1.0,1.0,1.0,3.0,6
95543,1.3,2.0,2.0,3.6666667,3.0,4.181818,3.0,1.0,3.0,3.0,0.0,3.0,6
21380,1.3,2.0,2.0,3.8333333,6.0,4.2727275,2.0,2.0,4.0,1.0,4.0,4.0,6
66642,2.0,0.0,1.0,3.0,,4.909091,1.0,1.0,4.0,1.0,3.0,3.0,6
83612,1.7,2.0,1.0,2.1666667,4.0,4.090909,1.0,0.0,0.0,0.0,4.0,3.0,6
19122,1.7,2.0,2.0,2.6666667,6.0,4.2727275,0.0,2.0,1.0,0.0,0.0,4.0,6
92566,0.69999999,2.0,2.0,3.8333333,,3.4545455,4.0,0.0,1.0,1.0,1.0,3.0,6
35987,2.0,0.0,1.0,3.0,3.0,4.0,3.0,3.0,2.0,2.0,4.0,0.0,6
46373,1.3,3.0,2.0,3.1666667,4.0,6.181818,0.0,0.0,4.0,4.0,4.0,4.0,6
79341,1.8,2.0,2.0,3.1666667,3.0,3.8181818,1.0,3.0,1.0,1.0,1.0,3.0,6
19591,1.6,0.0,2.0,3.5,3.0,3.2727273,4.0,1.0,3.0,2.0,4.0,3.0,6
67608,0.60000002,3.0,2.0,3.5,4.0,2.8181818,4.0,0.0,1.0,2.0,4.0,3.0,6
59207,1.5,2.0,0.0,3.0,9.0,3.3636363,1.0,2.0,0.0,0.0,0.0,3.0,6
86083,1.5,0.0,2.0,2.3333333,5.0,3.6363637,1.0,1.0,1.0,1.0,4.0,3.0,6
49014,1.7,2.0,2.0,2.5,,5.5454545,3.0,3.0,2.0,2.0,4.0,3.0,6
50766,1.4,2.0,2.0,2.8333333,6.0,3.0,3.0,4.0,1.0,1.0,0.0,3.0,6
71089,2.0999999,2.0,2.0,3.0,7.0,5.181818,3.0,3.0,1.0,1.0,4.0,3.0,6
80980,1.2,2.0,2.0,3.3333333,,3.1818182,2.0,2.0,1.0,1.0,4.0,3.0,6
98462,0.5,3.0,2.0,3.0,4.0,4.818182,0.0,2.0,3.0,0.0,2.0,3.0,6
64302,2.0,0.0,2.0,2.3333333,4.0,3.7272727,3.0,2.0,3.0,3.0,3.0,3.0,6
22688,1.2,2.0,2.0,3.6666667,4.0,3.1818182,0.0,4.0,1.0,1.0,4.0,3.0,6
38815,0.80000001,2.0,2.0,3.0,7.0,4.3636365,4.0,3.0,4.0,0.0,4.0,3.0,6
34525,1.8,0.0,1.0,3.3333333,,3.909091,4.0,1.0,1.0,0.0,4.0,3.0,6
68404,1.6,2.0,2.0,3.8333333,5.0,3.4545455,0.0,0.0,0.0,1.0,4.0,3.0,6
55569,2.2,3.0,2.0,3.8333333,5.0,4.7272725,0.0,3.0,0.0,0.0,1.0,3.0,6
72885,1.8,2.0,1.0,2.3333333,9.0,4.090909,0.0,3.0,2.0,2.0,1.0,0.0,6
36574,1.4,2.0,0.0,3.0,3.0,4.0,0.0,0.0,1.0,1.0,3.0,3.0,6
71193,1.5,2.0,2.0,3.5,,3.909091,3.0,3.0,3.0,3.0,4.0,3.0,6
44070,1.7,3.0,0.0,3.1666667,4.0,4.2727275,4.0,3.0,3.0,0.0,1.0,3.0,6
49010,1.4,3.0,2.0,3.6666667,6.0,3.8181818,1.0,1.0,1.0,1.0,4.0,3.0,6
95374,1.2,3.0,2.0,3.1666667,6.0,4.5454545,3.0,3.0,3.0,3.0,3.0,3.0,6
71985,1.3,2.0,2.0,3.1666667,,4.5454545,1.0,3.0,3.0,3.0,3.0,3.0,6
43125,2.9000001,2.0,2.0,3.0,8.0,4.4545455,1.0,3.0,1.0,1.0,4.0,2.0,6
98117,2.8,1.0,1.0,2.3333333,5.0,3.7272727,2.0,3.0,3.0,3.0,2.0,3.0,6
22989,0.0,3.0,0.0,4.1666665,4.0,4.0,0.0,4.0,4.0,1.0,0.0,0.0,6
24883,2.2,0.0,1.0,3.6666667,3.0,2.7272727,3.0,3.0,0.0,0.0,4.0,1.0,6
20650,1.0,2.0,2.0,2.5,9.0,4.181818,2.0,3.0,0.0,0.0,2.0,2.0,6
66815,0.80000001,2.0,0.0,4.0,5.0,3.5454545,4.0,1.0,0.0,0.0,3.0,3.0,6
54956,2.5,2.0,1.0,3.5,7.0,3.1818182,1.0,1.0,3.0,2.0,4.0,3.0,6
14847,3.0,2.0,2.0,2.3333333,12.0,3.5454545,0.0,3.0,2.0,2.0,1.0,2.0,6
85453,0.60000002,3.0,0.0,4.0,4.0,3.1818182,4.0,4.0,1.0,1.0,3.0,0.0,6
44344,2.3,2.0,2.0,2.5,5.0,3.5454545,4.0,0.0,2.0,0.0,1.0,3.0,6
94215,1.6,2.0,2.0,2.8333333,3.0,4.6363635,0.0,4.0,3.0,3.0,3.0,3.0,6
57144,1.9,2.0,2.0,2.8333333,6.0,3.3636363,3.0,3.0,3.0,3.0,3.0,3.0,6
94662,0.69999999,3.0,2.0,3.8333333,5.0,3.090909,0.0,0.0,2.0,4.0,1.0,3.0,6
98700,1.1,2.0,0.0,3.5,,2.7272727,4.0,4.0,1.0,1.0,4.0,3.0,6
65072,1.4,2.0,2.0,3.3333333,6.0,3.4545455,4.0,4.0,4.0,1.0,4.0,0.0,6
99733,0.69999999,0.0,2.0,4.5,4.0,3.1818182,1.0,3.0,3.0,3.0,4.0,3.0,6
27407,2.5999999,0.0,2.0,3.0,7.0,3.4545455,4.0,0.0,1.0,2.0,1.0,3.0,6
43794,2.3,2.0,2.0,3.6666667,6.0,3.7272727,1.0,3.0,1.0,1.0,3.0,3.0,6
51437,0.69999999,2.0,2.0,3.3333333,4.0,3.4545455,4.0,0.0,0.0,0.0,4.0,3.0,6
21932,0.80000001,0.0,0.0,3.3333333,8.0,2.8181818,4.0,3.0,0.0,0.0,3.0,3.0,6
29733,0.89999998,2.0,1.0,2.5,5.0,4.090909,1.0,3.0,3.0,3.0,3.0,3.0,6
98206,0.89999998,3.0,0.0,3.3333333,5.0,3.2727273,3.0,1.0,0.0,1.0,4.0,3.0,6
36385,1.6,2.0,2.0,3.1666667,7.0,4.090909,1.0,1.0,4.0,1.0,4.0,3.0,6
54030,1.2,3.0,0.0,3.6666667,,4.4545455,2.0,2.0,3.0,3.0,3.0,3.0,6
67993,1.0,3.0,0.0,4.0,7.0,4.875,1.0,3.0,1.0,4.0,4.0,3.0,6
49800,2.0999999,2.0,1.0,3.1666667,5.0,4.0,3.0,0.0,3.0,3.0,0.0,3.0,6
29296,2.0,2.0,2.0,3.5,6.0,3.5454545,4.0,1.0,0.0,1.0,4.0,3.0,6
11002,0.69999999,0.0,0.0,4.5,6.0,3.8181818,4.0,0.0,1.0,1.0,3.0,3.0,6
72850,2.2,0.0,2.0,3.1666667,7.0,4.181818,1.0,1.0,1.0,1.0,4.0,3.0,6
15134,0.5,3.0,2.0,3.8333333,6.0,2.909091,4.0,1.0,1.0,1.0,4.0,3.0,6
34062,1.4,3.0,0.0,3.8333333,10.0,3.2727273,3.0,4.0,0.0,1.0,4.0,3.0,6
18111,1.6,0.0,2.0,3.1666667,6.0,3.5454545,3.0,0.0,1.0,4.0,4.0,3.0,6
42646,0.69999999,2.0,2.0,3.8333333,6.0,4.0,4.0,3.0,0.0,3.0,3.0,3.0,6
72912,1.0,2.0,2.0,2.5,5.0,4.3636365,2.0,2.0,2.0,1.0,3.0,3.0,6
21971,2.0999999,2.0,2.0,3.3333333,,3.909091,4.0,0.0,1.0,1.0,4.0,3.0,6
84502,1.4,2.0,2.0,4.1666665,5.0,4.090909,1.0,4.0,3.0,3.0,3.0,3.0,6
52123,1.5,3.0,0.0,3.5,,4.181818,0.0,2.0,1.0,4.0,4.0,3.0,6
25197,1.2,3.0,0.0,2.8333333,6.0,3.3636363,4.0,1.0,1.0,1.0,3.0,3.0,6
35872,0.60000002,2.0,2.0,3.5,,4.3636365,0.0,3.0,3.0,3.0,3.0,3.0,6
23270,1.6,0.0,2.0,3.3333333,5.0,3.5454545,4.0,1.0,0.0,1.0,4.0,3.0,6
69807,1.5,2.0,2.0,3.3333333,,3.3636363,0.0,3.0,2.0,3.0,4.0,3.0,6
92716,1.1,0.0,2.0,3.3333333,4.0,3.1818182,4.0,1.0,1.0,1.0,4.0,2.0,6
68679,1.8,0.0,2.0,3.1666667,,4.181818,3.0,3.0,4.0,4.0,4.0,4.0,6
67192,1.4,3.0,2.0,2.1666667,,3.8181818,2.0,3.0,0.0,0.0,3.0,3.0,6
12029,1.9,0.0,2.0,2.6666667,5.0,4.818182,1.0,0.0,3.0,3.0,0.0,3.0,6
70745,1.3,3.0,2.0,3.3333333,5.0,6.0,0.0,3.0,2.0,1.0,3.0,3.0,6
93856,2.4000001,0.0,2.0,2.1666667,4.0,4.181818,1.0,2.0,0.0,0.0,0.0,3.0,6
10237,2.0,2.0,1.0,3.1666667,9.0,4.4545455,0.0,4.0,3.0,2.0,3.0,3.0,6
97448,1.5,0.0,2.0,3.6666667,5.0,4.909091,1.0,1.0,1.0,1.0,4.0,3.0,6
97280,2.3,2.0,2.0,2.3333333,,4.090909,1.0,1.0,1.0,0.0,1.0,1.0,6
54098,2.0,2.0,1.0,3.5,,4.4545455,1.0,0.0,1.0,1.0,4.0,3.0,6
66156,2.5999999,2.0,2.0,3.3333333,4.0,3.3636363,1.0,1.0,1.0,1.0,4.0,3.0,6
67177,2.0,0.0,1.0,2.8333333,5.0,4.7272725,2.0,3.0,3.0,2.0,0.0,3.0,6
18611,2.5999999,2.0,2.0,2.3333333,7.0,5.0,4.0,0.0,3.0,0.0,1.0,3.0,6
87328,1.0,2.0,2.0,3.0,3.0,4.2727275,1.0,3.0,3.0,3.0,2.0,3.0,6
49497,2.5999999,0.0,1.0,3.3333333,8.0,3.7272727,1.0,1.0,1.0,1.0,4.0,2.0,6
17183,1.4,2.0,2.0,4.0,4.0,3.3636363,2.0,3.0,1.0,1.0,3.0,3.0,6
22408,0.69999999,3.0,0.0,3.6666667,,3.7272727,4.0,4.0,2.0,2.0,3.0,3.0,6
54435,0.80000001,2.0,0.0,3.1666667,5.0,3.3636363,1.0,1.0,2.0,0.0,4.0,3.0,6
38293,1.8,2.0,1.0,3.6666667,4.0,3.8181818,0.0,4.0,1.0,1.0,1.0,3.0,6
33785,2.4000001,2.0,1.0,3.3333333,5.0,6.3636365,4.0,0.0,1.0,2.0,0.0,4.0,6
33009,1.1,3.0,2.0,3.5,3.0,3.3636363,1.0,1.0,2.0,4.0,4.0,3.0,6
92339,1.7,2.0,2.0,3.1666667,,3.2727273,2.0,4.0,1.0,1.0,4.0,3.0,6
64157,1.3,2.0,2.0,4.1666665,4.0,2.909091,4.0,1.0,3.0,0.0,4.0,3.0,6
63419,1.9,0.0,2.0,3.5,5.0,3.7272727,1.0,1.0,3.0,3.0,3.0,3.0,6
22913,2.0999999,3.0,2.0,4.0,4.0,4.181818,3.0,3.0,4.0,2.0,4.0,0.0,6
73962,2.4000001,0.0,2.0,3.1666667,3.0,4.0,1.0,2.0,1.0,1.0,4.0,3.0,6
48969,2.2,0.0,1.0,2.6666667,10.0,5.7272725,4.0,3.0,3.0,2.0,1.0,3.0,6
10153,0.2,3.0,0.0,3.3333333,5.0,3.7272727,4.0,1.0,1.0,0.0,0.0,3.0,6
64296,0.89999998,2.0,2.0,3.3333333,4.0,3.090909,4.0,1.0,1.0,0.0,4.0,3.0,6
77036,2.2,2.0,2.0,3.1666667,5.0,3.1818182,0.0,4.0,1.0,0.0,3.0,3.0,6
53518,2.0,0.0,1.0,3.0,6.0,3.5454545,0.0,0.0,4.0,4.0,4.0,4.0,6
82986,1.0,3.0,2.0,4.0,6.0,3.1818182,1.0,3.0,3.0,3.0,1.0,3.0,6
11402,2.4000001,2.0,1.0,2.6666667,7.0,5.090909,1.0,0.0,1.0,1.0,1.0,1.0,6
38610,0.80000001,2.0,1.0,3.8333333,3.0,3.3636363,2.0,4.0,2.0,0.0,0.0,3.0,6
96610,0.30000001,3.0,2.0,3.5,,3.6363637,1.0,3.0,3.0,3.0,4.0,3.0,6
77711,1.8,0.0,1.0,3.0,5.0,4.2727275,0.0,1.0,1.0,1.0,3.0,3.0,6
17020,1.3,2.0,2.0,3.3333333,7.0,4.181818,2.0,0.0,0.0,0.0,2.0,3.0,6
48676,1.6,2.0,2.0,3.5,4.0,4.818182,1.0,1.0,0.0,0.0,4.0,3.0,6
29885,1.3,2.0,2.0,3.0,5.0,4.181818,4.0,4.0,1.0,1.0,4.0,2.0,6
79167,0.89999998,3.0,0.0,3.8333333,2.0,4.6363635,4.0,1.0,2.0,1.0,3.0,3.0,6
43710,1.9,2.0,2.0,3.6666667,8.0,3.2727273,3.0,4.0,0.0,1.0,1.0,3.0,6
22455,1.2,0.0,2.0,2.0,5.0,3.8181818,4.0,3.0,3.0,3.0,3.0,3.0,6
57443,2.0,2.0,1.0,3.1666667,6.0,4.7272725,0.0,1.0,0.0,0.0,2.0,3.0,6
96469,1.2,3.0,0.0,3.5,4.0,3.090909,4.0,1.0,2.0,1.0,4.0,3.0,6
94579,1.3,0.0,2.0,3.1666667,4.0,3.6363637,4.0,1.0,1.0,1.0,4.0,3.0,6
29257,0.80000001,2.0,2.0,3.3333333,3.0,3.4545455,1.0,0.0,1.0,0.0,3.0,3.0,6
23518,1.5,2.0,2.0,3.3333333,5.0,2.8181818,2.0,0.0,0.0,0.0,0.0,3.0,6
49539,0.30000001,3.0,2.0,3.6666667,4.0,3.7272727,3.0,3.0,1.0,0.0,4.0,3.0,6
63904,2.3,0.0,1.0,2.1666667,5.0,4.181818,3.0,3.0,3.0,3.0,1.0,3.0,6
82490,1.5,0.0,2.0,2.8333333,5.0,4.181818,4.0,0.0,0.0,2.0,1.0,3.0,6
20335,0.69999999,3.0,0.0,3.5,5.0,4.4545455,0.0,0.0,4.0,4.0,4.0,3.0,6
35031,1.0,2.0,2.0,3.3333333,5.0,3.3636363,1.0,1.0,1.0,1.0,3.0,2.0,6
35344,0.80000001,2.0,2.0,3.8333333,9.0,2.8181818,0.0,4.0,1.0,1.0,1.0,3.0,6
42617,0.40000001,3.0,0.0,4.5,3.0,2.909091,4.0,3.0,0.0,0.0,1.0,3.0,6
25125,2.0999999,0.0,1.0,3.6666667,6.0,4.7272725,1.0,1.0,1.0,1.0,4.0,3.0,6
25548,1.7,2.0,2.0,3.6666667,5.0,4.818182,0.0,2.0,1.0,1.0,4.0,3.0,6
25966,1.8,2.0,1.0,3.5,8.0,4.4545455,0.0,1.0,1.0,1.0,4.0,3.0,6
96689,1.7,2.0,2.0,3.3333333,6.0,4.090909,3.0,3.0,2.0,1.0,1.0,3.0,6
43581,2.2,2.0,2.0,3.5,,3.5454545,1.0,3.0,1.0,4.0,2.0,3.0,6
33657,2.3,2.0,1.0,3.8333333,6.0,3.8181818,0.0,2.0,0.0,1.0,4.0,3.0,6
65656,1.9,2.0,1.0,3.8333333,5.0,4.4545455,1.0,1.0,3.0,3.0,4.0,3.0,6
36117,1.6,2.0,1.0,3.5,4.0,4.3636365,3.0,4.0,0.0,0.0,4.0,3.0,6
82587,2.8,0.0,1.0,2.6666667,5.0,4.5454545,0.0,0.0,2.0,1.0,3.0,3.0,6
26320,2.7,2.0,1.0,4.0,,3.8181818,1.0,0.0,3.0,1.0,1.0,3.0,6
77532,1.1,0.0,2.0,4.0,6.0,4.2727275,4.0,0.0,2.0,3.0,4.0,3.0,6
92515,0.40000001,2.0,2.0,3.0,5.0,3.6363637,1.0,1.0,0.0,0.0,1.0,3.0,6
97844,1.7,0.0,1.0,3.0,4.0,3.909091,3.0,0.0,1.0,0.0,1.0,3.0,6
15181,0.69999999,2.0,2.0,3.5,4.0,3.2727273,1.0,0.0,0.0,3.0,2.0,3.0,6
48154,0.30000001,3.0,0.0,3.6666667,5.0,4.3636365,4.0,3.0,0.0,1.0,3.0,3.0,6
51495,0.69999999,0.0,2.0,3.1666667,,3.090909,4.0,1.0,4.0,1.0,4.0,3.0,6
17932,1.9,2.0,2.0,2.5,7.0,3.090909,1.0,1.0,1.0,4.0,3.0,2.0,6
95026,2.8,2.0,2.0,2.1666667,,4.2727275,1.0,1.0,1.0,1.0,1.0,1.0,6
80429,1.2,2.0,2.0,3.5,5.0,4.4545455,3.0,3.0,1.0,1.0,2.0,3.0,6
75149,2.4000001,2.0,1.0,3.0,,6.090909,2.0,3.0,3.0,2.0,3.0,3.0,6
33740,1.7,0.0,2.0,3.0,10.0,3.3636363,0.0,0.0,0.0,1.0,4.0,2.0,6
67709,3.0,0.0,2.0,3.3333333,4.0,4.090909,0.0,0.0,3.0,3.0,2.0,3.0,6
36552,1.5,0.0,2.0,3.5,4.0,3.8181818,4.0,0.0,3.0,2.0,4.0,3.0,6
14301,1.1,3.0,2.0,3.6666667,4.0,3.1818182,4.0,3.0,2.0,0.0,4.0,3.0,6
63138,0.80000001,0.0,2.0,3.5,5.0,3.8181818,0.0,1.0,1.0,1.0,0.0,3.0,6
51298,1.4,2.0,1.0,3.3333333,4.0,3.3636363,1.0,0.0,0.0,0.0,4.0,2.0,6
74632,1.3,2.0,2.0,3.3333333,7.0,3.6363637,2.0,2.0,3.0,3.0,2.0,3.0,6
29134,1.2,2.0,2.0,3.5,4.0,3.1818182,1.0,4.0,1.0,1.0,4.0,0.0,6
24029,0.89999998,2.0,2.0,3.8333333,4.0,4.6363635,1.0,1.0,3.0,3.0,3.0,3.0,6
49086,1.4,0.0,2.0,3.5,4.0,3.5454545,0.0,3.0,0.0,1.0,3.0,3.0,6
85503,2.5999999,2.0,1.0,1.8333334,5.0,4.3636365,3.0,3.0,1.0,1.0,4.0,3.0,6
60008,1.7,2.0,2.0,3.3333333,,3.7272727,1.0,4.0,1.0,1.0,1.0,0.0,6
25172,0.0,3.0,0.0,3.3333333,3.0,3.2727273,1.0,4.0,0.0,0.0,4.0,3.0,6
77134,2.3,2.0,1.0,1.8333334,,3.1818182,1.0,1.0,2.0,1.0,4.0,3.0,6
95490,1.8,2.0,2.0,3.6666667,3.0,4.2727275,1.0,2.0,1.0,1.0,4.0,3.0,6
23253,1.4,2.0,2.0,3.3333333,5.0,4.2727275,4.0,1.0,1.0,1.0,4.0,3.0,6
90079,1.4,2.0,0.0,3.6666667,5.0,3.1818182,0.0,1.0,3.0,3.0,4.0,3.0,6
47584,1.2,3.0,0.0,3.6666667,4.0,2.8181818,0.0,2.0,4.0,3.0,4.0,3.0,6
97990,1.5,0.0,1.0,3.3333333,5.0,4.818182,2.0,2.0,3.0,3.0,3.0,3.0,6
91429,2.0999999,2.0,2.0,2.3333333,,4.181818,2.0,2.0,0.0,0.0,1.0,3.0,6
82269,1.3,2.0,1.0,3.0,2.0,3.909091,1.0,0.0,0.0,1.0,4.0,3.0,6
22842,1.9,2.0,2.0,3.3333333,6.0,3.2727273,4.0,0.0,0.0,3.0,0.0,3.0,6
14279,2.0999999,2.0,1.0,2.3333333,6.0,3.2727273,0.0,3.0,0.0,1.0,3.0,3.0,6
26857,0.60000002,3.0,2.0,3.6666667,5.0,3.4545455,4.0,4.0,1.0,0.0,4.0,0.0,6
52302,0.80000001,2.0,1.0,3.8333333,4.0,4.5454545,1.0,1.0,1.0,1.0,3.0,3.0,6
97050,1.8,2.0,2.0,3.8333333,8.0,4.181818,4.0,1.0,0.0,1.0,4.0,3.0,6
93002,1.4,3.0,0.0,3.5,6.0,4.3636365,1.0,1.0,1.0,1.0,4.0,3.0,6
56543,1.7,0.0,2.0,3.5,6.0,5.181818,4.0,3.0,3.0,2.0,3.0,3.0,6
89142,1.8,3.0,0.0,3.0,6.0,5.909091,4.0,4.0,3.0,3.0,3.0,3.0,6
24898,2.0,0.0,2.0,2.6666667,7.0,4.2727275,4.0,4.0,2.0,2.0,2.0,3.0,6
51723,2.3,2.0,1.0,1.8333334,,4.909091,4.0,0.0,0.0,0.0,0.0,0.0,6
79352,1.7,2.0,2.0,4.0,,2.909091,3.0,3.0,3.0,2.0,1.0,3.0,6
50976,2.0,0.0,0.0,2.5,5.0,4.6363635,4.0,2.0,1.0,1.0,4.0,3.0,6
33239,1.6,2.0,2.0,3.6666667,4.0,3.2727273,1.0,2.0,1.0,0.0,0.0,2.0,6
72570,2.2,2.0,3.0,2.1666667,,3.909091,3.0,3.0,3.0,3.0,3.0,3.0,6
67574,2.8,2.0,2.0,2.5,6.0,3.5454545,1.0,1.0,4.0,4.0,4.0,1.0,6
43809,1.8,2.0,2.0,3.5,6.0,3.6363637,0.0,4.0,1.0,1.0,4.0,3.0,6
10469,2.5999999,2.0,1.0,2.5,7.0,4.818182,2.0,2.0,2.0,2.0,2.0,3.0,6
77789,1.8,2.0,1.0,3.5,6.0,3.1818182,1.0,3.0,1.0,1.0,4.0,3.0,6
67015,1.2,2.0,1.0,3.0,3.0,4.6363635,1.0,3.0,0.0,4.0,0.0,3.0,6
88882,0.69999999,2.0,2.0,3.5,4.0,3.7272727,4.0,1.0,1.0,1.0,4.0,2.0,6
19245,2.7,0.0,1.0,2.6666667,8.0,5.090909,1.0,1.0,4.0,1.0,0.0,2.0,6
49915,0.30000001,3.0,2.0,4.0,5.0,3.8181818,2.0,3.0,2.0,2.0,0.0,3.0,6
51865,1.0,0.0,2.0,2.6666667,6.0,4.5454545,0.0,0.0,1.0,4.0,3.0,0.0,6
93787,1.0,2.0,2.0,3.3333333,8.0,5.090909,0.0,2.0,1.0,1.0,4.0,3.0,6
40864,2.0,2.0,1.0,3.1666667,7.0,3.909091,2.0,2.0,3.0,3.0,3.0,3.0,6
26718,1.5,2.0,1.0,3.1666667,,3.8181818,0.0,0.0,4.0,1.0,4.0,3.0,6
63347,1.1,2.0,2.0,3.6666667,,2.909091,2.0,4.0,1.0,1.0,1.0,3.0,6
35824,1.4,2.0,2.0,3.3333333,7.0,4.181818,4.0,3.0,1.0,1.0,4.0,3.0,6
48826,1.6,2.0,0.0,3.6666667,,3.6363637,4.0,1.0,1.0,0.0,4.0,2.0,6
92552,0.89999998,4.0,0.0,3.3333333,8.0,3.3636363,1.0,4.0,4.0,1.0,0.0,0.0,8
73158,1.1,4.0,0.0,3.5,4.0,3.8181818,2.0,4.0,0.0,0.0,2.0,2.0,8
45963,2.4000001,3.0,2.0,3.5,7.0,3.6363637,1.0,1.0,1.0,0.0,4.0,3.0,8
22138,1.3,3.0,2.0,2.1666667,5.0,3.2727273,0.0,4.0,0.0,1.0,4.0,3.0,8
77941,1.3,4.0,0.0,3.0,8.0,5.4545455,2.0,2.0,1.0,1.0,4.0,3.0,8
83005,2.3,0.0,2.0,3.5,6.0,3.7272727,1.0,2.0,3.0,0.0,4.0,3.0,8
93699,1.8,3.0,1.0,3.0,9.0,5.090909,2.0,1.0,0.0,0.0,4.0,3.0,8
36875,1.7,4.0,0.0,3.5,7.0,3.4545455,4.0,4.0,0.0,0.0,4.0,3.0,8
84011,0.69999999,3.0,2.0,2.8333333,6.0,3.1818182,1.0,4.0,0.0,0.0,3.0,3.0,8
83566,2.0,3.0,2.0,3.5,8.0,3.1818182,3.0,3.0,3.0,0.0,1.0,3.0,8
21090,1.1,4.0,2.0,4.0,6.0,3.090909,3.0,3.0,2.0,0.0,1.0,3.0,8
94641,1.7,0.0,1.0,2.6666667,10.0,5.090909,2.0,0.0,3.0,3.0,0.0,3.0,8
45076,2.2,3.0,2.0,4.0,6.0,3.2727273,4.0,4.0,1.0,4.0,4.0,3.0,8
44872,1.7,0.0,2.0,3.8333333,6.0,3.6363637,4.0,0.0,4.0,4.0,4.0,2.0,8
57325,2.0,3.0,2.0,3.5,5.0,4.0,1.0,3.0,2.0,0.0,4.0,3.0,8
27306,0.89999998,4.0,0.0,3.8333333,4.0,2.6363637,4.0,4.0,0.0,0.0,4.0,3.0,8
46365,1.5,4.0,0.0,3.6666667,5.0,3.1818182,4.0,0.0,4.0,4.0,4.0,0.0,8
74492,1.8,0.0,2.0,3.3333333,8.0,3.6363637,4.0,1.0,0.0,4.0,4.0,0.0,8
51760,1.1,3.0,0.0,3.6666667,7.0,2.909091,2.0,4.0,1.0,0.0,3.0,2.0,8
72806,1.1,4.0,2.0,3.6666667,5.0,3.5454545,4.0,0.0,0.0,1.0,1.0,3.0,8
36038,2.0,3.0,2.0,2.8333333,8.0,4.090909,4.0,0.0,4.0,4.0,4.0,2.0,8
67918,1.0,4.0,0.0,3.3333333,3.0,3.7272727,1.0,3.0,1.0,1.0,4.0,3.0,8
34467,1.6,3.0,2.0,3.8333333,8.0,3.5454545,1.0,4.0,2.0,2.0,2.0,3.0,8
74899,1.8,3.0,0.0,3.8333333,9.0,4.5454545,4.0,0.0,4.0,0.0,3.0,3.0,8
97596,2.2,2.0,2.0,3.1666667,15.0,5.181818,4.0,4.0,0.0,1.0,4.0,3.0,8
57359,1.2,3.0,2.0,3.8333333,6.0,3.0,4.0,3.0,1.0,1.0,3.0,3.0,8
17308,1.5,3.0,2.0,3.3333333,5.0,3.6363637,4.0,1.0,1.0,1.0,4.0,3.0,8
72348,1.5,3.0,2.0,3.8333333,8.0,3.909091,1.0,0.0,3.0,0.0,1.0,3.0,8
89607,2.0,0.0,2.0,3.0,7.0,1.0,3.0,3.0,3.0,3.0,3.0,3.0,8
28820,2.2,0.0,2.0,2.8333333,6.0,4.6363635,0.0,4.0,1.0,1.0,1.0,3.0,8
51475,1.6,3.0,2.0,3.1666667,7.0,3.2727273,4.0,4.0,0.0,0.0,3.0,3.0,8
13486,1.6,0.0,2.0,3.0,5.0,4.0,4.0,1.0,4.0,4.0,2.0,3.0,8
60493,1.8,0.0,2.0,2.6666667,7.0,3.8181818,3.0,3.0,3.0,3.0,3.0,3.0,8
84390,1.6,3.0,2.0,3.8333333,,3.5454545,4.0,4.0,3.0,1.0,4.0,3.0,8
92412,0.80000001,4.0,0.0,3.3333333,4.0,3.0,4.0,4.0,0.0,0.0,3.0,3.0,8
92038,1.1,4.0,0.0,3.3333333,6.0,3.2727273,4.0,4.0,1.0,0.0,3.0,3.0,8
86440,1.1,3.0,2.0,3.3333333,7.0,3.5454545,1.0,0.0,1.0,1.0,3.0,0.0,8
95585,1.8,3.0,2.0,3.1666667,,5.2727275,4.0,1.0,4.0,1.0,4.0,3.0,8
14737,1.3,3.0,2.0,2.8333333,6.0,3.5454545,1.0,0.0,2.0,2.0,0.0,3.0,8
28653,1.3,4.0,0.0,3.1666667,4.0,3.5454545,1.0,4.0,2.0,2.0,3.0,3.0,8
60367,2.4000001,0.0,2.0,2.6666667,,4.5454545,4.0,2.0,1.0,1.0,4.0,3.0,8
59592,1.5,3.0,2.0,3.5,5.0,4.3636365,4.0,3.0,2.0,1.0,4.0,3.0,8
22897,1.3,3.0,2.0,3.6666667,6.0,3.7272727,1.0,0.0,4.0,1.0,1.0,3.0,8
89652,2.4000001,3.0,2.0,4.3333335,4.0,3.909091,2.0,3.0,0.0,0.0,2.0,3.0,8
50072,1.5,3.0,2.0,3.5,7.0,3.4545455,3.0,2.0,2.0,1.0,1.0,3.0,8
44927,1.9,3.0,2.0,3.8333333,5.0,3.6363637,0.0,2.0,3.0,2.0,1.0,3.0,8
66676,3.0999999,0.0,2.0,3.5,5.0,3.7272727,1.0,4.0,2.0,2.0,4.0,3.0,8
70962,1.4,3.0,2.0,3.3333333,7.0,3.6363637,1.0,1.0,1.0,1.0,1.0,3.0,8
30453,1.8,1.0,1.0,2.1666667,16.0,3.1818182,4.0,4.0,3.0,2.0,1.0,3.0,8
58219,2.9000001,3.0,2.0,2.5,,5.181818,3.0,3.0,3.0,3.0,1.0,3.0,8
80177,1.2,4.0,0.0,3.3333333,,4.0,3.0,4.0,1.0,1.0,4.0,3.0,8
58682,1.9,0.0,1.0,3.5,6.0,3.8181818,0.0,1.0,0.0,0.0,4.0,3.0,8
79834,1.0,3.0,2.0,2.0,6.0,3.2727273,2.0,3.0,3.0,4.0,4.0,2.0,8
38052,1.0,4.0,0.0,4.1666665,5.0,2.7272727,3.0,4.0,1.0,0.0,3.0,3.0,8
48224,2.0,4.0,1.0,2.6666667,,4.6363635,0.0,0.0,0.0,0.0,4.0,3.0,8
68318,1.7,3.0,2.0,3.3333333,3.0,3.090909,4.0,1.0,1.0,0.0,4.0,3.0,8
62246,1.3,3.0,2.0,3.1666667,3.0,3.3636363,1.0,1.0,1.0,1.0,1.0,3.0,8
57842,1.3,4.0,2.0,3.6666667,7.0,4.090909,1.0,1.0,1.0,1.0,4.0,3.0,8
17522,1.0,4.0,2.0,3.8333333,4.0,3.1818182,4.0,3.0,3.0,3.0,2.0,3.0,8
62617,1.6,3.0,2.0,3.8333333,5.0,3.0,4.0,0.0,1.0,0.0,4.0,3.0,8
48013,1.7,4.0,0.0,3.0,7.0,5.181818,4.0,1.0,4.0,4.0,4.0,0.0,8
14571,0.0,4.0,0.0,1.0,3.0,6.6363635,1.0,3.0,3.0,3.0,3.0,3.0,8
69057,1.9,3.0,2.0,2.1666667,7.0,4.0,4.0,3.0,1.0,1.0,4.0,0.0,8
49125,4.0,2.0,1.0,2.6666667,,6.2727275,4.0,0.0,1.0,1.0,4.0,3.0,8
83542,1.5,4.0,2.0,3.0,6.0,3.909091,1.0,3.0,1.0,1.0,4.0,3.0,8
26858,1.3,3.0,2.0,2.1666667,7.0,4.6363635,0.0,1.0,1.0,1.0,4.0,3.0,8
93504,1.9,0.0,2.0,3.0,4.0,5.0,1.0,3.0,1.0,1.0,1.0,3.0,8
64232,1.8,3.0,0.0,3.5,8.0,3.1818182,1.0,1.0,4.0,1.0,4.0,3.0,8
37404,1.8,0.0,1.0,2.1666667,7.0,4.090909,4.0,0.0,3.0,1.0,4.0,3.0,8
82248,1.2,3.0,2.0,3.3333333,9.0,3.8181818,3.0,3.0,3.0,0.0,3.0,3.0,8
70492,1.9,2.0,2.0,3.1666667,6.0,3.909091,4.0,0.0,0.0,0.0,4.0,2.0,8
95543,0.30000001,3.0,2.0,3.5,3.0,3.5454545,1.0,3.0,2.0,2.0,0.0,3.0,8
21380,1.9,3.0,2.0,3.8333333,9.0,3.7272727,1.0,2.0,4.0,1.0,4.0,2.0,8
25495,1.5,3.0,2.0,3.6666667,4.0,3.0,1.0,3.0,0.0,0.0,3.0,3.0,8
83612,1.7,3.0,2.0,2.8333333,5.0,4.2727275,4.0,1.0,2.0,0.0,4.0,3.0,8
99978,1.4,4.0,2.0,3.5,4.0,3.4545455,1.0,4.0,0.0,0.0,1.0,3.0,8
92566,0.2,3.0,2.0,3.5,6.0,3.1818182,4.0,3.0,1.0,1.0,4.0,3.0,8
67608,0.80000001,4.0,2.0,3.5,7.0,3.090909,1.0,3.0,1.0,0.0,4.0,3.0,8
13647,2.3,0.0,1.0,3.3333333,,3.8181818,4.0,0.0,3.0,3.0,3.0,3.0,8
59207,1.3,3.0,2.0,3.0,8.0,4.0,4.0,2.0,0.0,0.0,2.0,3.0,8
71089,1.8,3.0,2.0,3.3333333,6.0,4.5454545,0.0,3.0,1.0,0.0,4.0,2.0,8
98462,1.1,4.0,0.0,3.0,6.0,5.2727275,0.0,0.0,0.0,0.0,3.0,3.0,8
64302,2.0,2.0,1.0,3.0,4.0,3.1818182,2.0,2.0,3.0,3.0,2.0,3.0,8
72885,1.7,3.0,2.0,2.8333333,11.0,4.3636365,2.0,3.0,0.0,0.0,2.0,3.0,8
71193,1.6,3.0,2.0,3.3333333,8.0,5.090909,0.0,3.0,3.0,3.0,4.0,3.0,8
98117,3.0999999,1.0,1.0,1.8333334,8.0,5.0,4.0,3.0,3.0,3.0,0.0,3.0,8
24883,0.5,4.0,0.0,3.5,6.0,3.0,4.0,2.0,0.0,0.0,4.0,2.0,8
20650,2.3,0.0,2.0,2.8333333,8.0,5.5454545,0.0,3.0,0.0,0.0,0.0,2.0,8
66815,1.4,4.0,0.0,4.0,5.0,3.4545455,1.0,4.0,1.0,1.0,4.0,3.0,8
14847,2.5,4.0,0.0,2.6666667,10.0,4.6363635,0.0,0.0,1.0,1.0,2.0,2.0,8
94215,1.8,3.0,2.0,2.6666667,6.0,4.818182,1.0,1.0,0.0,0.0,3.0,3.0,8
98700,1.4,3.0,0.0,3.5,,3.0,4.0,1.0,0.0,1.0,4.0,3.0,8
99733,0.5,3.0,2.0,3.6666667,4.0,3.090909,0.0,0.0,2.0,2.0,4.0,3.0,8
27407,1.7,3.0,2.0,3.3333333,10.0,3.0,4.0,0.0,4.0,0.0,1.0,3.0,8
43794,2.3,2.0,1.0,3.1666667,8.0,4.2727275,1.0,2.0,1.0,4.0,2.0,3.0,8
73918,0.80000001,4.0,0.0,3.3333333,,3.090909,4.0,1.0,2.0,2.0,3.0,3.0,8
51437,1.4,4.0,0.0,3.1666667,6.0,3.5454545,4.0,2.0,1.0,1.0,4.0,3.0,8
21932,1.4,0.0,0.0,3.3333333,8.0,2.7272727,4.0,0.0,0.0,1.0,3.0,3.0,8
49800,2.4000001,0.0,1.0,3.0,8.0,4.6363635,2.0,3.0,3.0,3.0,1.0,3.0,8
34062,1.2,4.0,0.0,3.5,10.0,3.2727273,4.0,0.0,2.0,1.0,4.0,3.0,8
42646,1.3,3.0,2.0,3.6666667,5.0,2.8181818,4.0,1.0,3.0,1.0,4.0,3.0,8
21971,3.3,2.0,2.0,2.3333333,,5.5454545,4.0,0.0,0.0,1.0,4.0,3.0,8
84502,1.3333334,3.0,2.0,3.8333333,10.0,4.3636365,2.0,4.0,2.0,0.0,2.0,3.0,8
25197,2.0999999,3.0,2.0,3.1666667,7.0,3.6363637,4.0,0.0,1.0,1.0,3.0,3.0,8
23270,1.2,0.0,2.0,2.5,4.0,3.4545455,4.0,1.0,3.0,2.0,4.0,3.0,8
70745,1.5,3.0,2.0,3.1666667,6.0,5.6363635,1.0,2.0,0.0,1.0,3.0,3.0,8
93856,2.8,2.0,0.0,2.0,5.0,5.909091,4.0,2.0,1.0,1.0,3.0,3.0,8
10237,2.0999999,0.0,2.0,2.8333333,,3.909091,0.0,4.0,2.0,0.0,4.0,3.0,8
97448,1.3,3.0,2.0,3.6666667,6.0,3.4545455,4.0,0.0,1.0,1.0,4.0,3.0,8
66156,1.3,3.0,2.0,3.3333333,6.0,3.3636363,0.0,1.0,1.0,1.0,1.0,3.0,8
87328,0.0,4.0,1.0,3.5,7.0,5.0,1.0,3.0,3.0,3.0,1.0,3.0,8
57045,2.4000001,0.0,0.0,3.0,,3.5454545,4.0,4.0,1.0,1.0,4.0,3.0,8
17183,1.4,4.0,2.0,4.3333335,5.0,4.3636365,0.0,0.0,1.0,1.0,0.0,3.0,8
22408,0.89999998,4.0,0.0,3.6666667,5.0,4.2727275,4.0,4.0,1.0,1.0,3.0,3.0,8
38293,2.0,0.0,2.0,2.8333333,8.0,4.2727275,1.0,4.0,4.0,4.0,1.0,3.0,8
33785,2.5999999,3.0,1.0,3.3333333,7.0,4.2727275,4.0,0.0,0.0,0.0,4.0,3.0,8
44310,0.5,0.0,1.0,3.6666667,,3.4545455,2.0,1.0,3.0,0.0,3.0,3.0,8
31294,1.8,3.0,2.0,3.5,,4.7272725,4.0,1.0,3.0,0.0,4.0,3.0,8
63419,1.7,3.0,1.0,3.5,6.0,4.3636365,0.0,1.0,3.0,3.0,3.0,3.0,8
48969,3.4000001,2.0,1.0,1.6666666,13.0,4.818182,4.0,3.0,4.0,4.0,1.0,3.0,8
64296,1.2,3.0,2.0,3.8333333,5.0,2.8181818,4.0,0.0,2.0,3.0,4.0,3.0,8
77036,1.6,2.0,2.0,3.1666667,6.0,2.7272727,1.0,3.0,1.0,1.0,3.0,3.0,8
82986,1.1,4.0,2.0,4.5,6.0,3.0,1.0,1.0,0.0,0.0,0.0,3.0,8
38610,1.0,3.0,2.0,3.6666667,7.0,3.3636363,4.0,0.0,1.0,1.0,0.0,3.0,8
96610,0.5,4.0,0.0,3.8333333,8.0,3.3636363,4.0,4.0,2.0,2.0,4.0,3.0,8
77711,2.0,2.0,2.0,3.0,7.0,4.181818,4.0,3.0,1.0,1.0,3.0,3.0,8
48676,2.0999999,3.0,2.0,3.5,5.0,3.8181818,1.0,0.0,0.0,1.0,4.0,3.0,8
79167,0.80000001,4.0,0.0,3.6666667,5.0,4.2727275,4.0,4.0,0.0,1.0,4.0,3.0,8
43710,1.5,4.0,2.0,3.6666667,8.0,4.181818,1.0,4.0,1.0,1.0,0.0,3.0,8
22455,0.40000001,4.0,0.0,1.6666666,5.0,4.3636365,4.0,3.0,3.0,3.0,3.0,3.0,8
57443,1.7,0.0,2.0,3.0,5.0,4.818182,1.0,0.0,0.0,0.0,2.0,3.0,8
96469,1.4,4.0,2.0,3.6666667,5.0,3.3636363,4.0,3.0,2.0,4.0,4.0,3.0,8
94579,2.0,3.0,2.0,2.8333333,5.0,4.6363635,4.0,1.0,1.0,1.0,4.0,3.0,8
29257,0.60000002,3.0,2.0,3.3333333,4.0,3.3636363,1.0,0.0,4.0,1.0,3.0,3.0,8
63904,2.0999999,0.0,2.0,2.5,6.0,5.2727275,1.0,1.0,3.0,3.0,4.0,3.0,8
20335,0.89999998,4.0,0.0,3.5,5.0,4.090909,4.0,2.0,4.0,4.0,4.0,3.0,8
88185,1.2,4.0,2.0,4.0,6.0,3.5454545,1.0,0.0,2.0,2.0,0.0,3.0,8
35344,2.4000001,0.0,2.0,3.5,9.0,3.090909,4.0,0.0,1.0,1.0,4.0,3.0,8
31175,1.7,3.0,2.0,3.1666667,8.0,5.4545455,,2.0,1.0,1.0,4.0,3.0,8
50666,1.3,0.0,0.0,3.5,6.0,2.7272727,1.0,1.0,1.0,1.0,4.0,3.0,8
42617,1.0,4.0,0.0,3.8333333,6.0,3.3636363,4.0,2.0,1.0,1.0,1.0,3.0,8
25548,1.6,4.0,2.0,3.6666667,6.0,4.909091,4.0,1.0,1.0,1.0,4.0,3.0,8
91551,1.3,4.0,2.0,3.1666667,,3.8181818,4.0,0.0,0.0,0.0,2.0,3.0,8
33657,1.9,3.0,2.0,3.5,6.0,3.5454545,3.0,1.0,1.0,4.0,4.0,3.0,8
65656,1.8,4.0,2.0,3.8333333,,3.4545455,4.0,0.0,1.0,1.0,3.0,3.0,8
36117,1.3,3.0,1.0,3.5,8.0,5.090909,3.0,1.0,1.0,1.0,4.0,3.0,8
82587,2.2,0.0,2.0,1.3333334,5.0,4.2727275,4.0,3.0,2.0,2.0,4.0,3.0,8
26320,2.2,2.0,2.0,3.6666667,,4.2727275,4.0,0.0,3.0,4.0,1.0,3.0,8
77532,1.3,4.0,2.0,3.0,6.0,4.2727275,4.0,0.0,3.0,3.0,4.0,3.0,8
92515,1.9,2.0,1.0,4.0,6.0,3.4545455,0.0,2.0,1.0,0.0,4.0,3.0,8
97844,1.5,3.0,0.0,3.3333333,5.0,3.0,2.0,0.0,4.0,1.0,3.0,3.0,8
81647,2.8,0.0,2.0,3.1666667,,3.3636363,1.0,3.0,1.0,1.0,4.0,3.0,8
49790,1.0,3.0,2.0,4.1666665,7.0,3.6363637,0.0,3.0,1.0,1.0,4.0,3.0,8
15181,1.6,4.0,0.0,3.5,5.0,3.3636363,4.0,2.0,0.0,3.0,2.0,3.0,8
78657,1.4,3.0,2.0,3.1666667,7.0,4.2727275,1.0,1.0,1.0,0.0,3.0,3.0,8
48154,1.3,4.0,0.0,3.5,5.0,3.3636363,1.0,0.0,4.0,1.0,3.0,3.0,8
51495,0.89999998,0.0,2.0,3.6666667,6.0,3.3636363,3.0,1.0,1.0,1.0,4.0,3.0,8
17932,2.0999999,3.0,2.0,2.3333333,13.0,3.909091,1.0,4.0,4.0,4.0,1.0,2.0,8
80429,1.1,3.0,2.0,2.5,8.0,4.909091,2.0,0.0,1.0,1.0,1.0,3.0,8
75149,2.2,0.0,2.0,2.8333333,10.0,5.090909,2.0,3.0,3.0,2.0,4.0,3.0,8
33740,1.5,3.0,2.0,3.0,13.0,2.6363637,3.0,3.0,1.0,1.0,4.0,2.0,8
67709,2.4000001,0.0,2.0,3.5,6.0,4.2727275,1.0,0.0,3.0,2.0,3.0,3.0,8
36552,1.3,4.0,0.0,3.3333333,7.0,3.8181818,4.0,2.0,2.0,0.0,4.0,3.0,8
14301,1.1,4.0,2.0,3.6666667,8.0,3.0,1.0,0.0,0.0,1.0,4.0,3.0,8
63138,0.80000001,4.0,2.0,4.1666665,,3.8181818,1.0,1.0,1.0,1.0,2.0,3.0,8
51298,1.1,3.0,2.0,3.0,6.0,3.6363637,4.0,1.0,4.0,1.0,4.0,0.0,8
74632,1.5,3.0,0.0,3.1666667,8.0,4.3636365,2.0,2.0,2.0,2.0,2.0,3.0,8
49086,1.1,3.0,0.0,3.6666667,6.0,3.3636363,4.0,3.0,0.0,1.0,3.0,3.0,8
85503,2.7,3.0,1.0,1.6666666,7.0,5.4545455,3.0,0.0,1.0,4.0,1.0,3.0,8
23253,1.8,3.0,2.0,3.5,4.0,4.7272725,4.0,1.0,1.0,1.0,4.0,2.0,8
47584,2.0,3.0,2.0,2.0,10.0,3.7272727,1.0,2.0,1.0,1.0,4.0,3.0,8
91429,2.0999999,0.0,2.0,2.8333333,,6.090909,1.0,0.0,0.0,0.0,4.0,3.0,8
22842,1.9,0.0,2.0,3.3333333,10.0,3.5454545,1.0,0.0,0.0,0.0,1.0,2.0,8
14279,1.4,3.0,2.0,2.6666667,7.0,3.8181818,1.0,2.0,4.0,1.0,1.0,3.0,8
26857,1.4,0.0,2.0,3.6666667,8.0,3.090909,1.0,4.0,1.0,1.0,4.0,3.0,8
28327,2.0,3.0,2.0,3.8333333,9.0,3.909091,0.0,3.0,1.0,1.0,4.0,3.0,8
52302,1.3,0.0,2.0,2.8333333,6.0,3.4545455,1.0,4.0,1.0,1.0,0.0,3.0,8
93002,2.0999999,2.0,2.0,3.5,9.0,3.2727273,1.0,4.0,2.0,0.0,4.0,3.0,8
51723,3.0,2.0,2.0,1.6666666,,5.181818,4.0,0.0,2.0,0.0,0.0,3.0,8
79352,2.0999999,3.0,2.0,3.5,,3.909091,0.0,0.0,2.0,1.0,1.0,3.0,8
76485,1.5,4.0,2.0,3.6666667,,3.1818182,4.0,1.0,4.0,1.0,4.0,3.0,8
33239,1.6,3.0,2.0,3.8333333,4.0,4.0,4.0,2.0,4.0,1.0,2.0,3.0,8
67574,2.0,2.0,2.0,2.6666667,6.0,3.8181818,4.0,0.0,4.0,4.0,4.0,1.0,8
88882,0.80000001,4.0,2.0,4.1666665,6.0,3.7272727,4.0,1.0,1.0,1.0,1.0,3.0,8
49915,0.40000001,4.0,2.0,3.8333333,5.0,3.090909,0.0,0.0,1.0,1.0,2.0,3.0,8
93787,1.8,3.0,2.0,3.0,10.0,5.2727275,4.0,0.0,0.0,0.0,4.0,3.0,8
63347,1.7,0.0,2.0,2.8333333,7.0,4.5454545,1.0,0.0,4.0,1.0,4.0,3.0,8
35824,1.9,3.0,2.0,3.8333333,,3.4545455,1.0,3.0,1.0,1.0,1.0,2.0,8
